signal_a,signal_b,position,rho
assists,bonus,DEF,0.2022
assists,bps,DEF,0.2256
assists,clean_sheets,DEF,0.0065
assists,creativity,DEF,0.2272
assists,fdr_avg,DEF,-0.0685
assists,fdr_max,DEF,-0.0685
assists,fdr_min,DEF,-0.0685
assists,fixture_count,DEF,
assists,goals_conceded,DEF,-0.0092
assists,goals_scored,DEF,-0.0086
assists,ict_index,DEF,0.2473
assists,influence,DEF,0.2179
assists,minutes,DEF,0.0065
assists,ownership_count,DEF,0.0571
assists,purchase_price,DEF,0.0363
assists,red_cards,DEF,-0.0164
assists,saves,DEF,
assists,starts,DEF,0.0202
assists,threat,DEF,0.1172
assists,transfers_balance,DEF,0.0332
assists,transfers_in,DEF,0.0741
assists,transfers_out,DEF,0.0632
assists,was_home,DEF,0.0466
assists,xa,DEF,0.2139
assists,xg,DEF,0.0504
assists,xgc,DEF,-0.0175
assists,xgi,DEF,0.204
assists,yellow_cards,DEF,-0.0176
bonus,bps,DEF,0.5346
bonus,clean_sheets,DEF,0.4485
bonus,creativity,DEF,0.105
bonus,fdr_avg,DEF,-0.1167
bonus,fdr_max,DEF,-0.1167
bonus,fdr_min,DEF,-0.1167
bonus,fixture_count,DEF,
bonus,goals_conceded,DEF,-0.392
bonus,goals_scored,DEF,0.3067
bonus,ict_index,DEF,0.287
bonus,influence,DEF,0.3285
bonus,minutes,DEF,0.0551
bonus,ownership_count,DEF,0.0884
bonus,purchase_price,DEF,0.0982
bonus,red_cards,DEF,-0.0224
bonus,saves,DEF,
bonus,starts,DEF,0.0134
bonus,threat,DEF,0.1206
bonus,transfers_balance,DEF,0.0515
bonus,transfers_in,DEF,0.0957
bonus,transfers_out,DEF,0.0663
bonus,was_home,DEF,0.0283
bonus,xa,DEF,0.1158
bonus,xg,DEF,0.1185
bonus,xgc,DEF,-0.205
bonus,xgi,DEF,0.1704
bonus,yellow_cards,DEF,-0.0909
bps,clean_sheets,DEF,0.7312
bps,creativity,DEF,0.167
bps,fdr_avg,DEF,-0.2781
bps,fdr_max,DEF,-0.2781
bps,fdr_min,DEF,-0.2781
bps,fixture_count,DEF,
bps,goals_conceded,DEF,-0.7941
bps,goals_scored,DEF,0.2302
bps,ict_index,DEF,0.3682
bps,influence,DEF,0.4052
bps,minutes,DEF,0.096
bps,ownership_count,DEF,0.1284
bps,purchase_price,DEF,0.1639
bps,red_cards,DEF,-0.0611
bps,saves,DEF,
bps,starts,DEF,0.021
bps,threat,DEF,0.1199
bps,transfers_balance,DEF,0.1153
bps,transfers_in,DEF,0.1556
bps,transfers_out,DEF,0.0845
bps,was_home,DEF,0.1278
bps,xa,DEF,0.1728
bps,xg,DEF,0.1128
bps,xgc,DEF,-0.4198
bps,xgi,DEF,0.2005
bps,yellow_cards,DEF,-0.1701
clean_sheets,creativity,DEF,0.0163
clean_sheets,fdr_avg,DEF,-0.2003
clean_sheets,fdr_max,DEF,-0.2003
clean_sheets,fdr_min,DEF,-0.2003
clean_sheets,fixture_count,DEF,
clean_sheets,goals_conceded,DEF,-0.8056
clean_sheets,goals_scored,DEF,0.021
clean_sheets,ict_index,DEF,0.02
clean_sheets,influence,DEF,0.0158
clean_sheets,minutes,DEF,0.0124
clean_sheets,ownership_count,DEF,0.0895
clean_sheets,purchase_price,DEF,0.1416
clean_sheets,red_cards,DEF,-0.0105
clean_sheets,saves,DEF,
clean_sheets,starts,DEF,0.0018
clean_sheets,threat,DEF,-0.0026
clean_sheets,transfers_balance,DEF,0.0595
clean_sheets,transfers_in,DEF,0.082
clean_sheets,transfers_out,DEF,0.0517
clean_sheets,was_home,DEF,0.0664
clean_sheets,xa,DEF,0.0196
clean_sheets,xg,DEF,0.0142
clean_sheets,xgc,DEF,-0.371
clean_sheets,xgi,DEF,0.0167
clean_sheets,yellow_cards,DEF,-0.049
creativity,fdr_avg,DEF,-0.2012
creativity,fdr_max,DEF,-0.2012
creativity,fdr_min,DEF,-0.2012
creativity,fixture_count,DEF,
creativity,goals_conceded,DEF,-0.033
creativity,goals_scored,DEF,-0.0036
creativity,ict_index,DEF,0.5604
creativity,influence,DEF,0.0984
creativity,minutes,DEF,-0.0364
creativity,ownership_count,DEF,0.0868
creativity,purchase_price,DEF,0.1248
creativity,red_cards,DEF,-0.0411
creativity,saves,DEF,
creativity,starts,DEF,0.0195
creativity,threat,DEF,0.1859
creativity,transfers_balance,DEF,0.0953
creativity,transfers_in,DEF,0.1125
creativity,transfers_out,DEF,0.0521
creativity,was_home,DEF,0.1239
creativity,xa,DEF,0.7539
creativity,xg,DEF,0.0762
creativity,xgc,DEF,-0.1643
creativity,xgi,DEF,0.5086
creativity,yellow_cards,DEF,0.0221
fdr_avg,fdr_max,DEF,1.0
fdr_avg,fdr_min,DEF,1.0
fdr_avg,fixture_count,DEF,
fdr_avg,goals_conceded,DEF,0.2485
fdr_avg,goals_scored,DEF,-0.0384
fdr_avg,ict_index,DEF,-0.1581
fdr_avg,influence,DEF,-0.0668
fdr_avg,minutes,DEF,0.0033
fdr_avg,ownership_count,DEF,-0.0615
fdr_avg,purchase_price,DEF,-0.0392
fdr_avg,red_cards,DEF,-0.0184
fdr_avg,saves,DEF,
fdr_avg,starts,DEF,-0.0161
fdr_avg,threat,DEF,-0.1227
fdr_avg,transfers_balance,DEF,-0.2622
fdr_avg,transfers_in,DEF,-0.1857
fdr_avg,transfers_out,DEF,0.0071
fdr_avg,was_home,DEF,-0.3509
fdr_avg,xa,DEF,-0.1698
fdr_avg,xg,DEF,-0.1216
fdr_avg,xgc,DEF,0.297
fdr_avg,xgi,DEF,-0.1694
fdr_avg,yellow_cards,DEF,0.0538
fdr_max,fdr_min,DEF,1.0
fdr_max,fixture_count,DEF,
fdr_max,goals_conceded,DEF,0.2485
fdr_max,goals_scored,DEF,-0.0384
fdr_max,ict_index,DEF,-0.1581
fdr_max,influence,DEF,-0.0668
fdr_max,minutes,DEF,0.0033
fdr_max,ownership_count,DEF,-0.0615
fdr_max,purchase_price,DEF,-0.0392
fdr_max,red_cards,DEF,-0.0184
fdr_max,saves,DEF,
fdr_max,starts,DEF,-0.0161
fdr_max,threat,DEF,-0.1227
fdr_max,transfers_balance,DEF,-0.2622
fdr_max,transfers_in,DEF,-0.1857
fdr_max,transfers_out,DEF,0.0071
fdr_max,was_home,DEF,-0.3509
fdr_max,xa,DEF,-0.1698
fdr_max,xg,DEF,-0.1216
fdr_max,xgc,DEF,0.297
fdr_max,xgi,DEF,-0.1694
fdr_max,yellow_cards,DEF,0.0538
fdr_min,fixture_count,DEF,
fdr_min,goals_conceded,DEF,0.2485
fdr_min,goals_scored,DEF,-0.0384
fdr_min,ict_index,DEF,-0.1581
fdr_min,influence,DEF,-0.0668
fdr_min,minutes,DEF,0.0033
fdr_min,ownership_count,DEF,-0.0615
fdr_min,purchase_price,DEF,-0.0392
fdr_min,red_cards,DEF,-0.0184
fdr_min,saves,DEF,
fdr_min,starts,DEF,-0.0161
fdr_min,threat,DEF,-0.1227
fdr_min,transfers_balance,DEF,-0.2622
fdr_min,transfers_in,DEF,-0.1857
fdr_min,transfers_out,DEF,0.0071
fdr_min,was_home,DEF,-0.3509
fdr_min,xa,DEF,-0.1698
fdr_min,xg,DEF,-0.1216
fdr_min,xgc,DEF,0.297
fdr_min,xgi,DEF,-0.1694
fdr_min,yellow_cards,DEF,0.0538
fixture_count,goals_conceded,DEF,
fixture_count,goals_scored,DEF,
fixture_count,ict_index,DEF,
fixture_count,influence,DEF,
fixture_count,minutes,DEF,
fixture_count,ownership_count,DEF,
fixture_count,purchase_price,DEF,
fixture_count,red_cards,DEF,
fixture_count,saves,DEF,
fixture_count,starts,DEF,
fixture_count,threat,DEF,
fixture_count,transfers_balance,DEF,
fixture_count,transfers_in,DEF,
fixture_count,transfers_out,DEF,
fixture_count,was_home,DEF,
fixture_count,xa,DEF,
fixture_count,xg,DEF,
fixture_count,xgc,DEF,
fixture_count,xgi,DEF,
fixture_count,yellow_cards,DEF,
goals_conceded,goals_scored,DEF,-0.0352
goals_conceded,ict_index,DEF,-0.0395
goals_conceded,influence,DEF,-0.0304
goals_conceded,minutes,DEF,0.0247
goals_conceded,ownership_count,DEF,-0.0748
goals_conceded,purchase_price,DEF,-0.1281
goals_conceded,red_cards,DEF,0.0133
goals_conceded,saves,DEF,
goals_conceded,starts,DEF,0.0083
goals_conceded,threat,DEF,-0.0215
goals_conceded,transfers_balance,DEF,-0.0937
goals_conceded,transfers_in,DEF,-0.0924
goals_conceded,transfers_out,DEF,-0.0382
goals_conceded,was_home,DEF,-0.127
goals_conceded,xa,DEF,-0.0466
goals_conceded,xg,DEF,-0.0411
goals_conceded,xgc,DEF,0.5033
goals_conceded,xgi,DEF,-0.0515
goals_conceded,yellow_cards,DEF,0.0419
goals_scored,ict_index,DEF,0.3132
goals_scored,influence,DEF,0.3228
goals_scored,minutes,DEF,-0.0167
goals_scored,ownership_count,DEF,0.0586
goals_scored,purchase_price,DEF,0.0724
goals_scored,red_cards,DEF,0.0192
goals_scored,saves,DEF,
goals_scored,starts,DEF,0.015
goals_scored,threat,DEF,0.3091
goals_scored,transfers_balance,DEF,-0.0002
goals_scored,transfers_in,DEF,0.0554
goals_scored,transfers_out,DEF,0.0606
goals_scored,was_home,DEF,0.0018
goals_scored,xa,DEF,-0.0109
goals_scored,xg,DEF,0.3289
goals_scored,xgc,DEF,-0.0314
goals_scored,xgi,DEF,0.2561
goals_scored,yellow_cards,DEF,-0.0224
ict_index,influence,DEF,0.7163
ict_index,minutes,DEF,0.1695
ict_index,ownership_count,DEF,0.1386
ict_index,purchase_price,DEF,0.1235
ict_index,red_cards,DEF,-0.0418
ict_index,saves,DEF,
ict_index,starts,DEF,0.0382
ict_index,threat,DEF,0.5493
ict_index,transfers_balance,DEF,0.115
ict_index,transfers_in,DEF,0.1706
ict_index,transfers_out,DEF,0.0995
ict_index,was_home,DEF,0.0756
ict_index,xa,DEF,0.4802
ict_index,xg,DEF,0.4202
ict_index,xgc,DEF,-0.0803
ict_index,xgi,DEF,0.6247
ict_index,yellow_cards,DEF,-0.0371
influence,minutes,DEF,0.2721
influence,ownership_count,DEF,0.1129
influence,purchase_price,DEF,0.0608
influence,red_cards,DEF,-0.047
influence,saves,DEF,
influence,starts,DEF,0.0449
influence,threat,DEF,0.1516
influence,transfers_balance,DEF,0.0687
influence,transfers_in,DEF,0.1377
influence,transfers_out,DEF,0.0969
influence,was_home,DEF,-0.0106
influence,xa,DEF,0.1131
influence,xg,DEF,0.1271
influence,xgc,DEF,0.0387
influence,xgi,DEF,0.1906
influence,yellow_cards,DEF,-0.0762
minutes,ownership_count,DEF,0.1549
minutes,purchase_price,DEF,0.0649
minutes,red_cards,DEF,-0.1066
minutes,saves,DEF,
minutes,starts,DEF,0.1725
minutes,threat,DEF,0.0351
minutes,transfers_balance,DEF,0.021
minutes,transfers_in,DEF,0.1468
minutes,transfers_out,DEF,0.1403
minutes,was_home,DEF,0.0058
minutes,xa,DEF,0.0131
minutes,xg,DEF,0.0417
minutes,xgc,DEF,0.1096
minutes,xgi,DEF,0.03
minutes,yellow_cards,DEF,-0.0129
ownership_count,purchase_price,DEF,0.4794
ownership_count,red_cards,DEF,0.0056
ownership_count,saves,DEF,
ownership_count,starts,DEF,0.0699
ownership_count,threat,DEF,0.0976
ownership_count,transfers_balance,DEF,0.057
ownership_count,transfers_in,DEF,0.794
ownership_count,transfers_out,DEF,0.8557
ownership_count,was_home,DEF,0.0157
ownership_count,xa,DEF,0.0983
ownership_count,xg,DEF,0.0792
ownership_count,xgc,DEF,-0.0705
ownership_count,xgi,DEF,0.1087
ownership_count,yellow_cards,DEF,0.0171
purchase_price,red_cards,DEF,0.004
purchase_price,saves,DEF,
purchase_price,starts,DEF,0.0303
purchase_price,threat,DEF,0.0958
purchase_price,transfers_balance,DEF,0.0414
purchase_price,transfers_in,DEF,0.3984
purchase_price,transfers_out,DEF,0.4214
purchase_price,was_home,DEF,0.0067
purchase_price,xa,DEF,0.1288
purchase_price,xg,DEF,0.0916
purchase_price,xgc,DEF,-0.1596
purchase_price,xgi,DEF,0.1389
purchase_price,yellow_cards,DEF,0.0087
red_cards,saves,DEF,
red_cards,starts,DEF,0.0045
red_cards,threat,DEF,-0.0099
red_cards,transfers_balance,DEF,-0.0011
red_cards,transfers_in,DEF,-0.0061
red_cards,transfers_out,DEF,-0.0034
red_cards,was_home,DEF,-0.0
red_cards,xa,DEF,-0.0178
red_cards,xg,DEF,0.0073
red_cards,xgc,DEF,-0.0212
red_cards,xgi,DEF,-0.0032
red_cards,yellow_cards,DEF,-0.0271
saves,starts,DEF,
saves,threat,DEF,
saves,transfers_balance,DEF,
saves,transfers_in,DEF,
saves,transfers_out,DEF,
saves,was_home,DEF,
saves,xa,DEF,
saves,xg,DEF,
saves,xgc,DEF,
saves,xgi,DEF,
saves,yellow_cards,DEF,
starts,threat,DEF,-0.0044
starts,transfers_balance,DEF,0.0431
starts,transfers_in,DEF,0.0736
starts,transfers_out,DEF,0.0487
starts,was_home,DEF,0.0249
starts,xa,DEF,0.0095
starts,xg,DEF,-0.0019
starts,xgc,DEF,-0.0017
starts,xgi,DEF,0.0119
starts,yellow_cards,DEF,-0.0338
threat,transfers_balance,DEF,0.0774
threat,transfers_in,DEF,0.1188
threat,transfers_out,DEF,0.0707
threat,was_home,DEF,0.0862
threat,xa,DEF,0.2264
threat,xg,DEF,0.7813
threat,xgc,DEF,-0.0975
threat,xgi,DEF,0.6664
threat,yellow_cards,DEF,-0.0412
transfers_balance,transfers_in,DEF,0.4264
transfers_balance,transfers_out,DEF,-0.133
transfers_balance,was_home,DEF,0.0612
transfers_balance,xa,DEF,0.1061
transfers_balance,xg,DEF,0.0675
transfers_balance,xgc,DEF,-0.1383
transfers_balance,xgi,DEF,0.1027
transfers_balance,yellow_cards,DEF,-0.0105
transfers_in,transfers_out,DEF,0.7837
transfers_in,was_home,DEF,0.0427
transfers_in,xa,DEF,0.1366
transfers_in,xg,DEF,0.0937
transfers_in,xgc,DEF,-0.1127
transfers_in,xgi,DEF,0.142
transfers_in,yellow_cards,DEF,0.0104
transfers_out,was_home,DEF,0.0022
transfers_out,xa,DEF,0.0726
transfers_out,xg,DEF,0.0498
transfers_out,xgc,DEF,-0.0456
transfers_out,xgi,DEF,0.0783
transfers_out,yellow_cards,DEF,0.0222
was_home,xa,DEF,0.1128
was_home,xg,DEF,0.0867
was_home,xgc,DEF,-0.1926
was_home,xgi,DEF,0.1289
was_home,yellow_cards,DEF,-0.071
xa,xg,DEF,0.0985
xa,xgc,DEF,-0.1564
xa,xgi,DEF,0.6789
xa,yellow_cards,DEF,0.012
xg,xgc,DEF,-0.0985
xg,xgi,DEF,0.7006
xg,yellow_cards,DEF,-0.0504
xgc,xgi,DEF,-0.1577
xgc,yellow_cards,DEF,0.0496
xgi,yellow_cards,DEF,-0.0302
assists,bonus,FWD,0.1009
assists,bps,FWD,0.3136
assists,clean_sheets,FWD,-0.0562
assists,creativity,FWD,0.251
assists,fdr_avg,FWD,-0.076
assists,fdr_max,FWD,-0.076
assists,fdr_min,FWD,-0.076
assists,fixture_count,FWD,
assists,goals_conceded,FWD,0.0415
assists,goals_scored,FWD,0.0047
assists,ict_index,FWD,0.2041
assists,influence,FWD,0.2283
assists,minutes,FWD,0.0466
assists,ownership_count,FWD,0.059
assists,purchase_price,FWD,0.0799
assists,red_cards,FWD,
assists,saves,FWD,
assists,starts,FWD,0.019
assists,threat,FWD,0.0333
assists,transfers_balance,FWD,-0.0246
assists,transfers_in,FWD,0.0132
assists,transfers_out,FWD,0.0266
assists,was_home,FWD,0.0522
assists,xa,FWD,0.2086
assists,xg,FWD,0.0076
assists,xgc,FWD,-0.0056
assists,xgi,FWD,0.0761
assists,yellow_cards,FWD,0.0396
bonus,bps,FWD,0.7204
bonus,clean_sheets,FWD,-0.0079
bonus,creativity,FWD,0.1369
bonus,fdr_avg,FWD,-0.0825
bonus,fdr_max,FWD,-0.0825
bonus,fdr_min,FWD,-0.0825
bonus,fixture_count,FWD,
bonus,goals_conceded,FWD,-0.0395
bonus,goals_scored,FWD,0.8385
bonus,ict_index,FWD,0.6589
bonus,influence,FWD,0.6958
bonus,minutes,FWD,0.1165
bonus,ownership_count,FWD,0.1425
bonus,purchase_price,FWD,0.1002
bonus,red_cards,FWD,
bonus,saves,FWD,
bonus,starts,FWD,0.0295
bonus,threat,FWD,0.5134
bonus,transfers_balance,FWD,0.0331
bonus,transfers_in,FWD,0.0912
bonus,transfers_out,FWD,0.0548
bonus,was_home,FWD,0.0085
bonus,xa,FWD,0.1124
bonus,xg,FWD,0.4381
bonus,xgc,FWD,-0.0406
bonus,xgi,FWD,0.4314
bonus,yellow_cards,FWD,0.016
bps,clean_sheets,FWD,0.0003
bps,creativity,FWD,0.2796
bps,fdr_avg,FWD,-0.096
bps,fdr_max,FWD,-0.096
bps,fdr_min,FWD,-0.096
bps,fixture_count,FWD,
bps,goals_conceded,FWD,0.0147
bps,goals_scored,FWD,0.7647
bps,ict_index,FWD,0.7425
bps,influence,FWD,0.8582
bps,minutes,FWD,0.1509
bps,ownership_count,FWD,0.1058
bps,purchase_price,FWD,0.0912
bps,red_cards,FWD,
bps,saves,FWD,
bps,starts,FWD,0.0032
bps,threat,FWD,0.4609
bps,transfers_balance,FWD,0.0388
bps,transfers_in,FWD,0.0636
bps,transfers_out,FWD,0.0218
bps,was_home,FWD,-0.0232
bps,xa,FWD,0.2402
bps,xg,FWD,0.331
bps,xgc,FWD,-0.007
bps,xgi,FWD,0.3757
bps,yellow_cards,FWD,0.0023
clean_sheets,creativity,FWD,-0.0727
clean_sheets,fdr_avg,FWD,-0.1814
clean_sheets,fdr_max,FWD,-0.1814
clean_sheets,fdr_min,FWD,-0.1814
clean_sheets,fixture_count,FWD,
clean_sheets,goals_conceded,FWD,-0.8474
clean_sheets,goals_scored,FWD,-0.0053
clean_sheets,ict_index,FWD,-0.0559
clean_sheets,influence,FWD,-0.0031
clean_sheets,minutes,FWD,-0.1783
clean_sheets,ownership_count,FWD,0.0284
clean_sheets,purchase_price,FWD,0.0123
clean_sheets,red_cards,FWD,
clean_sheets,saves,FWD,
clean_sheets,starts,FWD,-0.0207
clean_sheets,threat,FWD,-0.0666
clean_sheets,transfers_balance,FWD,0.0716
clean_sheets,transfers_in,FWD,0.0613
clean_sheets,transfers_out,FWD,0.0087
clean_sheets,was_home,FWD,0.0493
clean_sheets,xa,FWD,-0.0446
clean_sheets,xg,FWD,-0.0608
clean_sheets,xgc,FWD,-0.4135
clean_sheets,xgi,FWD,-0.0672
clean_sheets,yellow_cards,FWD,-0.0236
creativity,fdr_avg,FWD,-0.1025
creativity,fdr_max,FWD,-0.1025
creativity,fdr_min,FWD,-0.1025
creativity,fixture_count,FWD,
creativity,goals_conceded,FWD,0.0606
creativity,goals_scored,FWD,0.0828
creativity,ict_index,FWD,0.426
creativity,influence,FWD,0.3095
creativity,minutes,FWD,0.1972
creativity,ownership_count,FWD,0.0782
creativity,purchase_price,FWD,0.0337
creativity,red_cards,FWD,
creativity,saves,FWD,
creativity,starts,FWD,-0.0079
creativity,threat,FWD,0.0717
creativity,transfers_balance,FWD,0.0207
creativity,transfers_in,FWD,0.0949
creativity,transfers_out,FWD,0.091
creativity,was_home,FWD,0.0124
creativity,xa,FWD,0.6367
creativity,xg,FWD,0.0216
creativity,xgc,FWD,-0.0478
creativity,xgi,FWD,0.1645
creativity,yellow_cards,FWD,0.0601
fdr_avg,fdr_max,FWD,1.0
fdr_avg,fdr_min,FWD,1.0
fdr_avg,fixture_count,FWD,
fdr_avg,goals_conceded,FWD,0.2189
fdr_avg,goals_scored,FWD,-0.0703
fdr_avg,ict_index,FWD,-0.1388
fdr_avg,influence,FWD,-0.0918
fdr_avg,minutes,FWD,-0.0374
fdr_avg,ownership_count,FWD,-0.0563
fdr_avg,purchase_price,FWD,-0.0322
fdr_avg,red_cards,FWD,
fdr_avg,saves,FWD,
fdr_avg,starts,FWD,0.0422
fdr_avg,threat,FWD,-0.1234
fdr_avg,transfers_balance,FWD,-0.2042
fdr_avg,transfers_in,FWD,-0.1566
fdr_avg,transfers_out,FWD,0.0471
fdr_avg,was_home,FWD,-0.3184
fdr_avg,xa,FWD,-0.0729
fdr_avg,xg,FWD,-0.1195
fdr_avg,xgc,FWD,0.3034
fdr_avg,xgi,FWD,-0.1243
fdr_avg,yellow_cards,FWD,0.0848
fdr_max,fdr_min,FWD,1.0
fdr_max,fixture_count,FWD,
fdr_max,goals_conceded,FWD,0.2189
fdr_max,goals_scored,FWD,-0.0703
fdr_max,ict_index,FWD,-0.1388
fdr_max,influence,FWD,-0.0918
fdr_max,minutes,FWD,-0.0374
fdr_max,ownership_count,FWD,-0.0563
fdr_max,purchase_price,FWD,-0.0322
fdr_max,red_cards,FWD,
fdr_max,saves,FWD,
fdr_max,starts,FWD,0.0422
fdr_max,threat,FWD,-0.1234
fdr_max,transfers_balance,FWD,-0.2042
fdr_max,transfers_in,FWD,-0.1566
fdr_max,transfers_out,FWD,0.0471
fdr_max,was_home,FWD,-0.3184
fdr_max,xa,FWD,-0.0729
fdr_max,xg,FWD,-0.1195
fdr_max,xgc,FWD,0.3034
fdr_max,xgi,FWD,-0.1243
fdr_max,yellow_cards,FWD,0.0848
fdr_min,fixture_count,FWD,
fdr_min,goals_conceded,FWD,0.2189
fdr_min,goals_scored,FWD,-0.0703
fdr_min,ict_index,FWD,-0.1388
fdr_min,influence,FWD,-0.0918
fdr_min,minutes,FWD,-0.0374
fdr_min,ownership_count,FWD,-0.0563
fdr_min,purchase_price,FWD,-0.0322
fdr_min,red_cards,FWD,
fdr_min,saves,FWD,
fdr_min,starts,FWD,0.0422
fdr_min,threat,FWD,-0.1234
fdr_min,transfers_balance,FWD,-0.2042
fdr_min,transfers_in,FWD,-0.1566
fdr_min,transfers_out,FWD,0.0471
fdr_min,was_home,FWD,-0.3184
fdr_min,xa,FWD,-0.0729
fdr_min,xg,FWD,-0.1195
fdr_min,xgc,FWD,0.3034
fdr_min,xgi,FWD,-0.1243
fdr_min,yellow_cards,FWD,0.0848
fixture_count,goals_conceded,FWD,
fixture_count,goals_scored,FWD,
fixture_count,ict_index,FWD,
fixture_count,influence,FWD,
fixture_count,minutes,FWD,
fixture_count,ownership_count,FWD,
fixture_count,purchase_price,FWD,
fixture_count,red_cards,FWD,
fixture_count,saves,FWD,
fixture_count,starts,FWD,
fixture_count,threat,FWD,
fixture_count,transfers_balance,FWD,
fixture_count,transfers_in,FWD,
fixture_count,transfers_out,FWD,
fixture_count,was_home,FWD,
fixture_count,xa,FWD,
fixture_count,xg,FWD,
fixture_count,xgc,FWD,
fixture_count,xgi,FWD,
fixture_count,yellow_cards,FWD,
goals_conceded,goals_scored,FWD,0.0155
goals_conceded,ict_index,FWD,0.0589
goals_conceded,influence,FWD,0.0124
goals_conceded,minutes,FWD,0.2263
goals_conceded,ownership_count,FWD,-0.06
goals_conceded,purchase_price,FWD,-0.0156
goals_conceded,red_cards,FWD,
goals_conceded,saves,FWD,
goals_conceded,starts,FWD,0.0335
goals_conceded,threat,FWD,0.0611
goals_conceded,transfers_balance,FWD,-0.0631
goals_conceded,transfers_in,FWD,-0.0986
goals_conceded,transfers_out,FWD,-0.0416
goals_conceded,was_home,FWD,-0.112
goals_conceded,xa,FWD,0.0458
goals_conceded,xg,FWD,0.049
goals_conceded,xgc,FWD,0.5428
goals_conceded,xgi,FWD,0.0616
goals_conceded,yellow_cards,FWD,0.0371
goals_scored,ict_index,FWD,0.725
goals_scored,influence,FWD,0.779
goals_scored,minutes,FWD,0.1249
goals_scored,ownership_count,FWD,0.1271
goals_scored,purchase_price,FWD,0.0883
goals_scored,red_cards,FWD,
goals_scored,saves,FWD,
goals_scored,starts,FWD,0.0339
goals_scored,threat,FWD,0.5773
goals_scored,transfers_balance,FWD,0.0266
goals_scored,transfers_in,FWD,0.0873
goals_scored,transfers_out,FWD,0.0469
goals_scored,was_home,FWD,-0.0032
goals_scored,xa,FWD,0.0949
goals_scored,xg,FWD,0.5642
goals_scored,xgc,FWD,-0.0037
goals_scored,xgi,FWD,0.5478
goals_scored,yellow_cards,FWD,0.1342
ict_index,influence,FWD,0.8605
ict_index,minutes,FWD,0.3198
ict_index,ownership_count,FWD,0.1623
ict_index,purchase_price,FWD,0.1256
ict_index,red_cards,FWD,
ict_index,saves,FWD,
ict_index,starts,FWD,0.0197
ict_index,threat,FWD,0.8358
ict_index,transfers_balance,FWD,0.0458
ict_index,transfers_in,FWD,0.1047
ict_index,transfers_out,FWD,0.0613
ict_index,was_home,FWD,0.0232
ict_index,xa,FWD,0.349
ict_index,xg,FWD,0.6664
ict_index,xgc,FWD,-0.0248
ict_index,xgi,FWD,0.7206
ict_index,yellow_cards,FWD,0.0646
influence,minutes,FWD,0.2456
influence,ownership_count,FWD,0.1269
influence,purchase_price,FWD,0.0901
influence,red_cards,FWD,
influence,saves,FWD,
influence,starts,FWD,0.0112
influence,threat,FWD,0.5695
influence,transfers_balance,FWD,0.0319
influence,transfers_in,FWD,0.0729
influence,transfers_out,FWD,0.037
influence,was_home,FWD,-0.0141
influence,xa,FWD,0.2433
influence,xg,FWD,0.4438
influence,xgc,FWD,0.0224
influence,xgi,FWD,0.4887
influence,yellow_cards,FWD,0.0916
minutes,ownership_count,FWD,0.237
minutes,purchase_price,FWD,0.2063
minutes,red_cards,FWD,
minutes,saves,FWD,
minutes,starts,FWD,0.0682
minutes,threat,FWD,0.2732
minutes,transfers_balance,FWD,0.0798
minutes,transfers_in,FWD,0.2172
minutes,transfers_out,FWD,0.1683
minutes,was_home,FWD,-0.0362
minutes,xa,FWD,0.218
minutes,xg,FWD,0.217
minutes,xgc,FWD,0.2528
minutes,xgi,FWD,0.2626
minutes,yellow_cards,FWD,-0.0042
ownership_count,purchase_price,FWD,0.7379
ownership_count,red_cards,FWD,
ownership_count,saves,FWD,
ownership_count,starts,FWD,0.0688
ownership_count,threat,FWD,0.1449
ownership_count,transfers_balance,FWD,0.0376
ownership_count,transfers_in,FWD,0.7527
ownership_count,transfers_out,FWD,0.7753
ownership_count,was_home,FWD,0.0053
ownership_count,xa,FWD,0.1476
ownership_count,xg,FWD,0.1844
ownership_count,xgc,FWD,-0.0614
ownership_count,xgi,FWD,0.2123
ownership_count,yellow_cards,FWD,-0.0586
purchase_price,red_cards,FWD,
purchase_price,saves,FWD,
purchase_price,starts,FWD,0.0056
purchase_price,threat,FWD,0.1311
purchase_price,transfers_balance,FWD,-0.0229
purchase_price,transfers_in,FWD,0.4848
purchase_price,transfers_out,FWD,0.5282
purchase_price,was_home,FWD,0.0005
purchase_price,xa,FWD,0.1389
purchase_price,xg,FWD,0.1309
purchase_price,xgc,FWD,-0.0589
purchase_price,xgi,FWD,0.1548
purchase_price,yellow_cards,FWD,-0.0596
red_cards,saves,FWD,
red_cards,starts,FWD,
red_cards,threat,FWD,
red_cards,transfers_balance,FWD,
red_cards,transfers_in,FWD,
red_cards,transfers_out,FWD,
red_cards,was_home,FWD,
red_cards,xa,FWD,
red_cards,xg,FWD,
red_cards,xgc,FWD,
red_cards,xgi,FWD,
red_cards,yellow_cards,FWD,
saves,starts,FWD,
saves,threat,FWD,
saves,transfers_balance,FWD,
saves,transfers_in,FWD,
saves,transfers_out,FWD,
saves,was_home,FWD,
saves,xa,FWD,
saves,xg,FWD,
saves,xgc,FWD,
saves,xgi,FWD,
saves,yellow_cards,FWD,
starts,threat,FWD,0.0226
starts,transfers_balance,FWD,0.0194
starts,transfers_in,FWD,0.0718
starts,transfers_out,FWD,0.0597
starts,was_home,FWD,0.0014
starts,xa,FWD,-0.0202
starts,xg,FWD,0.0371
starts,xgc,FWD,0.0474
starts,xgi,FWD,0.033
starts,yellow_cards,FWD,0.0185
threat,transfers_balance,FWD,0.0495
threat,transfers_in,FWD,0.0769
threat,transfers_out,FWD,0.0297
threat,was_home,FWD,0.0585
threat,xa,FWD,0.1161
threat,xg,FWD,0.8115
threat,xgc,FWD,-0.0519
threat,xgi,FWD,0.7797
threat,yellow_cards,FWD,0.0136
transfers_balance,transfers_in,FWD,0.4348
transfers_balance,transfers_out,FWD,-0.2714
transfers_balance,was_home,FWD,0.0344
transfers_balance,xa,FWD,0.0026
transfers_balance,xg,FWD,0.0386
transfers_balance,xgc,FWD,-0.1334
transfers_balance,xgi,FWD,0.032
transfers_balance,yellow_cards,FWD,-0.0193
transfers_in,transfers_out,FWD,0.6781
transfers_in,was_home,FWD,0.0498
transfers_in,xa,FWD,0.1379
transfers_in,xg,FWD,0.1106
transfers_in,xgc,FWD,-0.1394
transfers_in,xgi,FWD,0.1399
transfers_in,yellow_cards,FWD,-0.0481
transfers_out,was_home,FWD,0.002
transfers_out,xa,FWD,0.1581
transfers_out,xg,FWD,0.0569
transfers_out,xgc,FWD,-0.0129
transfers_out,xgi,FWD,0.0985
transfers_out,yellow_cards,FWD,-0.0148
was_home,xa,FWD,0.0076
was_home,xg,FWD,0.0782
was_home,xgc,FWD,-0.18
was_home,xgi,FWD,0.0805
was_home,yellow_cards,FWD,-0.0526
xa,xg,FWD,0.044
xa,xgc,FWD,-0.079
xa,xgi,FWD,0.2507
xa,yellow_cards,FWD,0.0821
xg,xgc,FWD,-0.028
xg,xgi,FWD,0.9514
xg,yellow_cards,FWD,0.0387
xgc,xgi,FWD,-0.0252
xgc,yellow_cards,FWD,0.038
xgi,yellow_cards,FWD,0.0513
assists,bonus,GK,0.0474
assists,bps,GK,0.0342
assists,clean_sheets,GK,-0.0394
assists,creativity,GK,0.1749
assists,fdr_avg,GK,0.0275
assists,fdr_max,GK,0.0275
assists,fdr_min,GK,0.0275
assists,fixture_count,GK,
assists,goals_conceded,GK,0.0641
assists,goals_scored,GK,
assists,ict_index,GK,0.0481
assists,influence,GK,0.0449
assists,minutes,GK,0.0051
assists,ownership_count,GK,0.0008
assists,purchase_price,GK,-0.0103
assists,red_cards,GK,
assists,saves,GK,0.0192
assists,starts,GK,0.0026
assists,threat,GK,-0.0051
assists,transfers_balance,GK,0.0341
assists,transfers_in,GK,0.0212
assists,transfers_out,GK,0.01
assists,was_home,GK,-0.0225
assists,xa,GK,-0.024
assists,xg,GK,-0.0026
assists,xgc,GK,0.0436
assists,xgi,GK,-0.0241
assists,yellow_cards,GK,0.0653
bonus,bps,GK,0.5186
bonus,clean_sheets,GK,0.5378
bonus,creativity,GK,-0.0091
bonus,fdr_avg,GK,-0.0203
bonus,fdr_max,GK,-0.0203
bonus,fdr_min,GK,-0.0203
bonus,fixture_count,GK,
bonus,goals_conceded,GK,-0.4337
bonus,goals_scored,GK,
bonus,ict_index,GK,0.2409
bonus,influence,GK,0.2475
bonus,minutes,GK,0.0273
bonus,ownership_count,GK,-0.0066
bonus,purchase_price,GK,0.0343
bonus,red_cards,GK,
bonus,saves,GK,0.2264
bonus,starts,GK,0.0136
bonus,threat,GK,-0.0273
bonus,transfers_balance,GK,-0.0035
bonus,transfers_in,GK,-0.0246
bonus,transfers_out,GK,-0.0256
bonus,was_home,GK,-0.0048
bonus,xa,GK,0.0158
bonus,xg,GK,-0.0136
bonus,xgc,GK,-0.0915
bonus,xgi,GK,0.0139
bonus,yellow_cards,GK,-0.0284
bps,clean_sheets,GK,0.7421
bps,creativity,GK,0.0463
bps,fdr_avg,GK,-0.1459
bps,fdr_max,GK,-0.1459
bps,fdr_min,GK,-0.1459
bps,fixture_count,GK,
bps,goals_conceded,GK,-0.7975
bps,goals_scored,GK,
bps,ict_index,GK,0.4446
bps,influence,GK,0.45
bps,minutes,GK,0.0781
bps,ownership_count,GK,0.0738
bps,purchase_price,GK,0.0824
bps,red_cards,GK,
bps,saves,GK,0.3873
bps,starts,GK,0.0458
bps,threat,GK,-0.0495
bps,transfers_balance,GK,0.0716
bps,transfers_in,GK,0.1203
bps,transfers_out,GK,0.0572
bps,was_home,GK,0.0554
bps,xa,GK,-0.0414
bps,xg,GK,0.0267
bps,xgc,GK,-0.2131
bps,xgi,GK,-0.0376
bps,yellow_cards,GK,-0.0696
clean_sheets,creativity,GK,0.0093
clean_sheets,fdr_avg,GK,-0.1971
clean_sheets,fdr_max,GK,-0.1971
clean_sheets,fdr_min,GK,-0.1971
clean_sheets,fixture_count,GK,
clean_sheets,goals_conceded,GK,-0.7863
clean_sheets,goals_scored,GK,
clean_sheets,ict_index,GK,-0.0404
clean_sheets,influence,GK,-0.038
clean_sheets,minutes,GK,0.0455
clean_sheets,ownership_count,GK,0.0771
clean_sheets,purchase_price,GK,0.1318
clean_sheets,red_cards,GK,
clean_sheets,saves,GK,-0.0652
clean_sheets,starts,GK,0.0227
clean_sheets,threat,GK,-0.0455
clean_sheets,transfers_balance,GK,0.0791
clean_sheets,transfers_in,GK,0.0966
clean_sheets,transfers_out,GK,0.0391
clean_sheets,was_home,GK,0.0579
clean_sheets,xa,GK,-0.016
clean_sheets,xg,GK,-0.0227
clean_sheets,xgc,GK,-0.3716
clean_sheets,xgi,GK,-0.0189
clean_sheets,yellow_cards,GK,-0.0283
creativity,fdr_avg,GK,-0.0121
creativity,fdr_max,GK,-0.0121
creativity,fdr_min,GK,-0.0121
creativity,fixture_count,GK,
creativity,goals_conceded,GK,-0.0343
creativity,goals_scored,GK,
creativity,ict_index,GK,0.1268
creativity,influence,GK,0.0073
creativity,minutes,GK,0.0193
creativity,ownership_count,GK,0.1171
creativity,purchase_price,GK,0.1213
creativity,red_cards,GK,
creativity,saves,GK,-0.0587
creativity,starts,GK,0.0096
creativity,threat,GK,0.1447
creativity,transfers_balance,GK,0.0125
creativity,transfers_in,GK,0.094
creativity,transfers_out,GK,0.1219
creativity,was_home,GK,-0.0141
creativity,xa,GK,0.2148
creativity,xg,GK,-0.0096
creativity,xgc,GK,-0.0103
creativity,xgi,GK,0.2121
creativity,yellow_cards,GK,0.0019
fdr_avg,fdr_max,GK,1.0
fdr_avg,fdr_min,GK,1.0
fdr_avg,fixture_count,GK,
fdr_avg,goals_conceded,GK,0.2557
fdr_avg,goals_scored,GK,
fdr_avg,ict_index,GK,0.1318
fdr_avg,influence,GK,0.123
fdr_avg,minutes,GK,-0.0511
fdr_avg,ownership_count,GK,-0.0499
fdr_avg,purchase_price,GK,-0.0464
fdr_avg,red_cards,GK,
fdr_avg,saves,GK,0.175
fdr_avg,starts,GK,-0.0548
fdr_avg,threat,GK,0.0306
fdr_avg,transfers_balance,GK,-0.2887
fdr_avg,transfers_in,GK,-0.2295
fdr_avg,transfers_out,GK,0.0723
fdr_avg,was_home,GK,-0.3487
fdr_avg,xa,GK,0.0362
fdr_avg,xg,GK,0.0717
fdr_avg,xgc,GK,0.3104
fdr_avg,xgi,GK,0.0454
fdr_avg,yellow_cards,GK,0.0415
fdr_max,fdr_min,GK,1.0
fdr_max,fixture_count,GK,
fdr_max,goals_conceded,GK,0.2557
fdr_max,goals_scored,GK,
fdr_max,ict_index,GK,0.1318
fdr_max,influence,GK,0.123
fdr_max,minutes,GK,-0.0511
fdr_max,ownership_count,GK,-0.0499
fdr_max,purchase_price,GK,-0.0464
fdr_max,red_cards,GK,
fdr_max,saves,GK,0.175
fdr_max,starts,GK,-0.0548
fdr_max,threat,GK,0.0306
fdr_max,transfers_balance,GK,-0.2887
fdr_max,transfers_in,GK,-0.2295
fdr_max,transfers_out,GK,0.0723
fdr_max,was_home,GK,-0.3487
fdr_max,xa,GK,0.0362
fdr_max,xg,GK,0.0717
fdr_max,xgc,GK,0.3104
fdr_max,xgi,GK,0.0454
fdr_max,yellow_cards,GK,0.0415
fdr_min,fixture_count,GK,
fdr_min,goals_conceded,GK,0.2557
fdr_min,goals_scored,GK,
fdr_min,ict_index,GK,0.1318
fdr_min,influence,GK,0.123
fdr_min,minutes,GK,-0.0511
fdr_min,ownership_count,GK,-0.0499
fdr_min,purchase_price,GK,-0.0464
fdr_min,red_cards,GK,
fdr_min,saves,GK,0.175
fdr_min,starts,GK,-0.0548
fdr_min,threat,GK,0.0306
fdr_min,transfers_balance,GK,-0.2887
fdr_min,transfers_in,GK,-0.2295
fdr_min,transfers_out,GK,0.0723
fdr_min,was_home,GK,-0.3487
fdr_min,xa,GK,0.0362
fdr_min,xg,GK,0.0717
fdr_min,xgc,GK,0.3104
fdr_min,xgi,GK,0.0454
fdr_min,yellow_cards,GK,0.0415
fixture_count,goals_conceded,GK,
fixture_count,goals_scored,GK,
fixture_count,ict_index,GK,
fixture_count,influence,GK,
fixture_count,minutes,GK,
fixture_count,ownership_count,GK,
fixture_count,purchase_price,GK,
fixture_count,red_cards,GK,
fixture_count,saves,GK,
fixture_count,starts,GK,
fixture_count,threat,GK,
fixture_count,transfers_balance,GK,
fixture_count,transfers_in,GK,
fixture_count,transfers_out,GK,
fixture_count,was_home,GK,
fixture_count,xa,GK,
fixture_count,xg,GK,
fixture_count,xgc,GK,
fixture_count,xgi,GK,
fixture_count,yellow_cards,GK,
goals_conceded,goals_scored,GK,
goals_conceded,ict_index,GK,0.054
goals_conceded,influence,GK,0.0521
goals_conceded,minutes,GK,-0.063
goals_conceded,ownership_count,GK,-0.0482
goals_conceded,purchase_price,GK,-0.1525
goals_conceded,red_cards,GK,
goals_conceded,saves,GK,0.0865
goals_conceded,starts,GK,-0.0283
goals_conceded,threat,GK,0.0501
goals_conceded,transfers_balance,GK,-0.1062
goals_conceded,transfers_in,GK,-0.1207
goals_conceded,transfers_out,GK,-0.0209
goals_conceded,was_home,GK,-0.1253
goals_conceded,xa,GK,0.0484
goals_conceded,xg,GK,0.0283
goals_conceded,xgc,GK,0.5096
goals_conceded,xgi,GK,0.0519
goals_conceded,yellow_cards,GK,-0.0089
goals_scored,ict_index,GK,
goals_scored,influence,GK,
goals_scored,minutes,GK,
goals_scored,ownership_count,GK,
goals_scored,purchase_price,GK,
goals_scored,red_cards,GK,
goals_scored,saves,GK,
goals_scored,starts,GK,
goals_scored,threat,GK,
goals_scored,transfers_balance,GK,
goals_scored,transfers_in,GK,
goals_scored,transfers_out,GK,
goals_scored,was_home,GK,
goals_scored,xa,GK,
goals_scored,xg,GK,
goals_scored,xgc,GK,
goals_scored,xgi,GK,
goals_scored,yellow_cards,GK,
ict_index,influence,GK,0.9859
ict_index,minutes,GK,0.069
ict_index,ownership_count,GK,0.0094
ict_index,purchase_price,GK,-0.0981
ict_index,red_cards,GK,
ict_index,saves,GK,0.8922
ict_index,starts,GK,0.0505
ict_index,threat,GK,0.0244
ict_index,transfers_balance,GK,-0.0253
ict_index,transfers_in,GK,-0.0013
ict_index,transfers_out,GK,0.0135
ict_index,was_home,GK,-0.0736
ict_index,xa,GK,0.0047
ict_index,xg,GK,0.0662
ict_index,xgc,GK,0.4076
ict_index,xgi,GK,0.0135
ict_index,yellow_cards,GK,-0.0057
influence,minutes,GK,0.0687
influence,ownership_count,GK,-0.0046
influence,purchase_price,GK,-0.1079
influence,red_cards,GK,
influence,saves,GK,0.9133
influence,starts,GK,0.0493
influence,threat,GK,-0.0019
influence,transfers_balance,GK,-0.0112
influence,transfers_in,GK,-0.0022
influence,transfers_out,GK,-0.0033
influence,was_home,GK,-0.0733
influence,xa,GK,-0.0222
influence,xg,GK,0.0613
influence,xgc,GK,0.4044
influence,xgi,GK,-0.0139
influence,yellow_cards,GK,-0.0072
minutes,ownership_count,GK,0.0178
minutes,purchase_price,GK,0.03
minutes,red_cards,GK,
minutes,saves,GK,0.0634
minutes,starts,GK,0.4967
minutes,threat,GK,0.0059
minutes,transfers_balance,GK,0.0423
minutes,transfers_in,GK,0.0526
minutes,transfers_out,GK,0.0115
minutes,was_home,GK,0.0387
minutes,xa,GK,0.0277
minutes,xg,GK,0.003
minutes,xgc,GK,-0.0281
minutes,xgi,GK,0.0279
minutes,yellow_cards,GK,0.0219
ownership_count,purchase_price,GK,0.3952
ownership_count,red_cards,GK,
ownership_count,saves,GK,-0.0241
ownership_count,starts,GK,0.0633
ownership_count,threat,GK,0.013
ownership_count,transfers_balance,GK,-0.0851
ownership_count,transfers_in,GK,0.6293
ownership_count,transfers_out,GK,0.7836
ownership_count,was_home,GK,0.0331
ownership_count,xa,GK,0.1237
ownership_count,xg,GK,-0.0127
ownership_count,xgc,GK,-0.019
ownership_count,xgi,GK,0.1211
ownership_count,yellow_cards,GK,0.0066
purchase_price,red_cards,GK,
purchase_price,saves,GK,-0.1237
purchase_price,starts,GK,0.0408
purchase_price,threat,GK,0.0856
purchase_price,transfers_balance,GK,-0.0517
purchase_price,transfers_in,GK,0.3205
purchase_price,transfers_out,GK,0.3935
purchase_price,was_home,GK,0.0313
purchase_price,xa,GK,0.0888
purchase_price,xg,GK,0.0375
purchase_price,xgc,GK,-0.1698
purchase_price,xgi,GK,0.0932
purchase_price,yellow_cards,GK,0.0511
red_cards,saves,GK,
red_cards,starts,GK,
red_cards,threat,GK,
red_cards,transfers_balance,GK,
red_cards,transfers_in,GK,
red_cards,transfers_out,GK,
red_cards,was_home,GK,
red_cards,xa,GK,
red_cards,xg,GK,
red_cards,xgc,GK,
red_cards,xgi,GK,
red_cards,yellow_cards,GK,
saves,starts,GK,0.0461
saves,threat,GK,-0.0079
saves,transfers_balance,GK,-0.043
saves,transfers_in,GK,-0.0365
saves,transfers_out,GK,-0.0111
saves,was_home,GK,-0.109
saves,xa,GK,-0.0327
saves,xg,GK,0.0539
saves,xgc,GK,0.4073
saves,xgi,GK,-0.0253
saves,yellow_cards,GK,0.0025
starts,threat,GK,0.003
starts,transfers_balance,GK,0.0066
starts,transfers_in,GK,0.0597
starts,transfers_out,GK,0.0537
starts,was_home,GK,0.0386
starts,xa,GK,0.0138
starts,xg,GK,0.0015
starts,xgc,GK,-0.029
starts,xgi,GK,0.0139
starts,yellow_cards,GK,0.0109
threat,transfers_balance,GK,-0.031
threat,transfers_in,GK,0.0016
threat,transfers_out,GK,0.0233
threat,was_home,GK,-0.0005
threat,xa,GK,0.0977
threat,xg,GK,0.5011
threat,xgc,GK,0.0021
threat,xgi,GK,0.1636
threat,yellow_cards,GK,0.051
transfers_balance,transfers_in,GK,0.4915
transfers_balance,transfers_out,GK,-0.3647
transfers_balance,was_home,GK,0.0354
transfers_balance,xa,GK,-0.0639
transfers_balance,xg,GK,-0.0384
transfers_balance,xgc,GK,-0.1307
transfers_balance,xgi,GK,-0.0685
transfers_balance,yellow_cards,GK,0.0212
transfers_in,transfers_out,GK,0.5462
transfers_in,was_home,GK,0.0706
transfers_in,xa,GK,0.0615
transfers_in,xg,GK,-0.0509
transfers_in,xgc,GK,-0.1137
transfers_in,xgi,GK,0.0543
transfers_in,yellow_cards,GK,0.0237
transfers_out,was_home,GK,0.0238
transfers_out,xa,GK,0.1334
transfers_out,xg,GK,0.0
transfers_out,xgc,GK,-0.0085
transfers_out,xgi,GK,0.1325
transfers_out,yellow_cards,GK,0.0084
was_home,xa,GK,-0.0196
was_home,xg,GK,-0.0386
was_home,xgc,GK,-0.1881
was_home,xgi,GK,-0.0246
was_home,yellow_cards,GK,-0.0739
xa,xg,GK,-0.0138
xa,xgc,GK,0.0281
xa,xgi,GK,0.9911
xa,yellow_cards,GK,0.0061
xg,xgc,GK,0.0045
xg,xgi,GK,0.1191
xg,yellow_cards,GK,-0.0109
xgc,xgi,GK,0.0285
xgc,yellow_cards,GK,0.0501
xgi,yellow_cards,GK,0.0046
assists,bonus,MID,0.3086
assists,bps,MID,0.4247
assists,clean_sheets,MID,-0.0011
assists,creativity,MID,0.2552
assists,fdr_avg,MID,-0.0818
assists,fdr_max,MID,-0.0818
assists,fdr_min,MID,-0.0818
assists,fixture_count,MID,
assists,goals_conceded,MID,-0.0204
assists,goals_scored,MID,0.0253
assists,ict_index,MID,0.3141
assists,influence,MID,0.3425
assists,minutes,MID,0.077
assists,ownership_count,MID,0.0777
assists,purchase_price,MID,0.0882
assists,red_cards,MID,-0.0196
assists,saves,MID,
assists,starts,MID,-0.002
assists,threat,MID,0.1191
assists,transfers_balance,MID,-0.0004
assists,transfers_in,MID,0.0582
assists,transfers_out,MID,0.0617
assists,was_home,MID,0.0366
assists,xa,MID,0.2418
assists,xg,MID,0.0957
assists,xgc,MID,-0.0222
assists,xgi,MID,0.2212
assists,yellow_cards,MID,-0.033
bonus,bps,MID,0.6103
bonus,clean_sheets,MID,-0.0445
bonus,creativity,MID,0.2128
bonus,fdr_avg,MID,-0.0947
bonus,fdr_max,MID,-0.0947
bonus,fdr_min,MID,-0.0947
bonus,fixture_count,MID,
bonus,goals_conceded,MID,-0.0029
bonus,goals_scored,MID,0.6913
bonus,ict_index,MID,0.5195
bonus,influence,MID,0.5813
bonus,minutes,MID,0.1143
bonus,ownership_count,MID,0.1384
bonus,purchase_price,MID,0.1153
bonus,red_cards,MID,-0.0018
bonus,saves,MID,
bonus,starts,MID,0.0153
bonus,threat,MID,0.338
bonus,transfers_balance,MID,0.0236
bonus,transfers_in,MID,0.1355
bonus,transfers_out,MID,0.1245
bonus,was_home,MID,0.0505
bonus,xa,MID,0.201
bonus,xg,MID,0.2939
bonus,xgc,MID,-0.0144
bonus,xgi,MID,0.3418
bonus,yellow_cards,MID,-0.0804
bps,clean_sheets,MID,-0.0136
bps,creativity,MID,0.385
bps,fdr_avg,MID,-0.1308
bps,fdr_max,MID,-0.1308
bps,fdr_min,MID,-0.1308
bps,fixture_count,MID,
bps,goals_conceded,MID,0.007
bps,goals_scored,MID,0.5475
bps,ict_index,MID,0.6672
bps,influence,MID,0.8481
bps,minutes,MID,0.286
bps,ownership_count,MID,0.1251
bps,purchase_price,MID,0.0514
bps,red_cards,MID,-0.0606
bps,saves,MID,
bps,starts,MID,0.0063
bps,threat,MID,0.247
bps,transfers_balance,MID,0.0285
bps,transfers_in,MID,0.1149
bps,transfers_out,MID,0.0971
bps,was_home,MID,0.0552
bps,xa,MID,0.3506
bps,xg,MID,0.1988
bps,xgc,MID,-0.0118
bps,xgi,MID,0.3647
bps,yellow_cards,MID,-0.1495
clean_sheets,creativity,MID,-0.0021
clean_sheets,fdr_avg,MID,-0.1972
clean_sheets,fdr_max,MID,-0.1972
clean_sheets,fdr_min,MID,-0.1972
clean_sheets,fixture_count,MID,
clean_sheets,goals_conceded,MID,-0.8354
clean_sheets,goals_scored,MID,-0.0035
clean_sheets,ict_index,MID,0.013
clean_sheets,influence,MID,-0.0142
clean_sheets,minutes,MID,-0.0958
clean_sheets,ownership_count,MID,0.0324
clean_sheets,purchase_price,MID,0.0516
clean_sheets,red_cards,MID,-0.0326
clean_sheets,saves,MID,
clean_sheets,starts,MID,0.013
clean_sheets,threat,MID,0.036
clean_sheets,transfers_balance,MID,0.0301
clean_sheets,transfers_in,MID,0.0178
clean_sheets,transfers_out,MID,0.0032
clean_sheets,was_home,MID,0.0689
clean_sheets,xa,MID,-0.0095
clean_sheets,xg,MID,0.0191
clean_sheets,xgc,MID,-0.4136
clean_sheets,xgi,MID,0.0149
clean_sheets,yellow_cards,MID,-0.0259
creativity,fdr_avg,MID,-0.1704
creativity,fdr_max,MID,-0.1704
creativity,fdr_min,MID,-0.1704
creativity,fixture_count,MID,
creativity,goals_conceded,MID,-0.0091
creativity,goals_scored,MID,0.0627
creativity,ict_index,MID,0.7306
creativity,influence,MID,0.3982
creativity,minutes,MID,0.2125
creativity,ownership_count,MID,0.3045
creativity,purchase_price,MID,0.2716
creativity,red_cards,MID,-0.0158
creativity,saves,MID,
creativity,starts,MID,-0.0003
creativity,threat,MID,0.2488
creativity,transfers_balance,MID,0.0773
creativity,transfers_in,MID,0.289
creativity,transfers_out,MID,0.2558
creativity,was_home,MID,0.0929
creativity,xa,MID,0.7569
creativity,xg,MID,0.1749
creativity,xgc,MID,-0.0751
creativity,xgi,MID,0.5404
creativity,yellow_cards,MID,-0.0247
fdr_avg,fdr_max,MID,1.0
fdr_avg,fdr_min,MID,1.0
fdr_avg,fixture_count,MID,
fdr_avg,goals_conceded,MID,0.2624
fdr_avg,goals_scored,MID,-0.0819
fdr_avg,ict_index,MID,-0.1909
fdr_avg,influence,MID,-0.1108
fdr_avg,minutes,MID,0.0055
fdr_avg,ownership_count,MID,-0.0349
fdr_avg,purchase_price,MID,-0.0294
fdr_avg,red_cards,MID,0.0073
fdr_avg,saves,MID,
fdr_avg,starts,MID,-0.0234
fdr_avg,threat,MID,-0.1647
fdr_avg,transfers_balance,MID,-0.1943
fdr_avg,transfers_in,MID,-0.1208
fdr_avg,transfers_out,MID,-0.0106
fdr_avg,was_home,MID,-0.3382
fdr_avg,xa,MID,-0.1852
fdr_avg,xg,MID,-0.1484
fdr_avg,xgc,MID,0.2964
fdr_avg,xgi,MID,-0.2066
fdr_avg,yellow_cards,MID,0.042
fdr_max,fdr_min,MID,1.0
fdr_max,fixture_count,MID,
fdr_max,goals_conceded,MID,0.2624
fdr_max,goals_scored,MID,-0.0819
fdr_max,ict_index,MID,-0.1909
fdr_max,influence,MID,-0.1108
fdr_max,minutes,MID,0.0055
fdr_max,ownership_count,MID,-0.0349
fdr_max,purchase_price,MID,-0.0294
fdr_max,red_cards,MID,0.0073
fdr_max,saves,MID,
fdr_max,starts,MID,-0.0234
fdr_max,threat,MID,-0.1647
fdr_max,transfers_balance,MID,-0.1943
fdr_max,transfers_in,MID,-0.1208
fdr_max,transfers_out,MID,-0.0106
fdr_max,was_home,MID,-0.3382
fdr_max,xa,MID,-0.1852
fdr_max,xg,MID,-0.1484
fdr_max,xgc,MID,0.2964
fdr_max,xgi,MID,-0.2066
fdr_max,yellow_cards,MID,0.042
fdr_min,fixture_count,MID,
fdr_min,goals_conceded,MID,0.2624
fdr_min,goals_scored,MID,-0.0819
fdr_min,ict_index,MID,-0.1909
fdr_min,influence,MID,-0.1108
fdr_min,minutes,MID,0.0055
fdr_min,ownership_count,MID,-0.0349
fdr_min,purchase_price,MID,-0.0294
fdr_min,red_cards,MID,0.0073
fdr_min,saves,MID,
fdr_min,starts,MID,-0.0234
fdr_min,threat,MID,-0.1647
fdr_min,transfers_balance,MID,-0.1943
fdr_min,transfers_in,MID,-0.1208
fdr_min,transfers_out,MID,-0.0106
fdr_min,was_home,MID,-0.3382
fdr_min,xa,MID,-0.1852
fdr_min,xg,MID,-0.1484
fdr_min,xgc,MID,0.2964
fdr_min,xgi,MID,-0.2066
fdr_min,yellow_cards,MID,0.042
fixture_count,goals_conceded,MID,
fixture_count,goals_scored,MID,
fixture_count,ict_index,MID,
fixture_count,influence,MID,
fixture_count,minutes,MID,
fixture_count,ownership_count,MID,
fixture_count,purchase_price,MID,
fixture_count,red_cards,MID,
fixture_count,saves,MID,
fixture_count,starts,MID,
fixture_count,threat,MID,
fixture_count,transfers_balance,MID,
fixture_count,transfers_in,MID,
fixture_count,transfers_out,MID,
fixture_count,was_home,MID,
fixture_count,xa,MID,
fixture_count,xg,MID,
fixture_count,xgc,MID,
fixture_count,xgi,MID,
fixture_count,yellow_cards,MID,
goals_conceded,goals_scored,MID,0.008
goals_conceded,ict_index,MID,-0.0225
goals_conceded,influence,MID,0.0131
goals_conceded,minutes,MID,0.1301
goals_conceded,ownership_count,MID,-0.0194
goals_conceded,purchase_price,MID,-0.0388
goals_conceded,red_cards,MID,0.0402
goals_conceded,saves,MID,
goals_conceded,starts,MID,-0.0314
goals_conceded,threat,MID,-0.0458
goals_conceded,transfers_balance,MID,-0.0486
goals_conceded,transfers_in,MID,-0.0167
goals_conceded,transfers_out,MID,0.0108
goals_conceded,was_home,MID,-0.1237
goals_conceded,xa,MID,-0.0041
goals_conceded,xg,MID,-0.0288
goals_conceded,xgc,MID,0.5329
goals_conceded,xgi,MID,-0.0227
goals_conceded,yellow_cards,MID,0.0364
goals_scored,ict_index,MID,0.5047
goals_scored,influence,MID,0.5714
goals_scored,minutes,MID,0.0715
goals_scored,ownership_count,MID,0.1385
goals_scored,purchase_price,MID,0.1478
goals_scored,red_cards,MID,0.0016
goals_scored,saves,MID,
goals_scored,starts,MID,0.0328
goals_scored,threat,MID,0.4512
goals_scored,transfers_balance,MID,0.0067
goals_scored,transfers_in,MID,0.1276
goals_scored,transfers_out,MID,0.1261
goals_scored,was_home,MID,0.0355
goals_scored,xa,MID,0.0626
goals_scored,xg,MID,0.4319
goals_scored,xgc,MID,-0.0156
goals_scored,xgi,MID,0.3633
goals_scored,yellow_cards,MID,-0.0195
ict_index,influence,MID,0.7643
ict_index,minutes,MID,0.2725
ict_index,ownership_count,MID,0.328
ict_index,purchase_price,MID,0.3094
ict_index,red_cards,MID,-0.039
ict_index,saves,MID,
ict_index,starts,MID,0.0062
ict_index,threat,MID,0.6669
ict_index,transfers_balance,MID,0.0853
ict_index,transfers_in,MID,0.3156
ict_index,transfers_out,MID,0.2821
ict_index,was_home,MID,0.0928
ict_index,xa,MID,0.5983
ict_index,xg,MID,0.5301
ict_index,xgc,MID,-0.0559
ict_index,xgi,MID,0.7356
ict_index,yellow_cards,MID,-0.0567
influence,minutes,MID,0.3416
influence,ownership_count,MID,0.1382
influence,purchase_price,MID,0.0526
influence,red_cards,MID,-0.043
influence,saves,MID,
influence,starts,MID,0.0076
influence,threat,MID,0.303
influence,transfers_balance,MID,0.0465
influence,transfers_in,MID,0.1411
influence,transfers_out,MID,0.1186
influence,was_home,MID,0.0309
influence,xa,MID,0.3309
influence,xg,MID,0.2371
influence,xgc,MID,0.0272
influence,xgi,MID,0.3842
influence,yellow_cards,MID,-0.056
minutes,ownership_count,MID,0.1908
minutes,purchase_price,MID,0.0549
minutes,red_cards,MID,-0.0163
minutes,saves,MID,
minutes,starts,MID,0.1079
minutes,threat,MID,0.0609
minutes,transfers_balance,MID,0.0754
minutes,transfers_in,MID,0.1917
minutes,transfers_out,MID,0.1548
minutes,was_home,MID,-0.0056
minutes,xa,MID,0.1911
minutes,xg,MID,0.0779
minutes,xgc,MID,0.2289
minutes,xgi,MID,0.1557
minutes,yellow_cards,MID,0.0679
ownership_count,purchase_price,MID,0.6447
ownership_count,red_cards,MID,0.006
ownership_count,saves,MID,
ownership_count,starts,MID,0.0576
ownership_count,threat,MID,0.2928
ownership_count,transfers_balance,MID,0.0375
ownership_count,transfers_in,MID,0.8306
ownership_count,transfers_out,MID,0.8697
ownership_count,was_home,MID,0.0076
ownership_count,xa,MID,0.2891
ownership_count,xg,MID,0.2575
ownership_count,xgc,MID,-0.0462
ownership_count,xgi,MID,0.3343
ownership_count,yellow_cards,MID,-0.0238
purchase_price,red_cards,MID,0.0038
purchase_price,saves,MID,
purchase_price,starts,MID,0.0337
purchase_price,threat,MID,0.3631
purchase_price,transfers_balance,MID,-0.002
purchase_price,transfers_in,MID,0.5207
purchase_price,transfers_out,MID,0.5638
purchase_price,was_home,MID,0.0015
purchase_price,xa,MID,0.2579
purchase_price,xg,MID,0.2881
purchase_price,xgc,MID,-0.0951
purchase_price,xgi,MID,0.3457
purchase_price,yellow_cards,MID,-0.0429
red_cards,saves,MID,
red_cards,starts,MID,0.0041
red_cards,threat,MID,-0.024
red_cards,transfers_balance,MID,-0.0114
red_cards,transfers_in,MID,-0.0007
red_cards,transfers_out,MID,0.0087
red_cards,was_home,MID,0.0205
red_cards,xa,MID,-0.0146
red_cards,xg,MID,-0.014
red_cards,xgc,MID,0.0223
red_cards,xgi,MID,-0.0195
red_cards,yellow_cards,MID,-0.0213
saves,starts,MID,
saves,threat,MID,
saves,transfers_balance,MID,
saves,transfers_in,MID,
saves,transfers_out,MID,
saves,was_home,MID,
saves,xa,MID,
saves,xg,MID,
saves,xgc,MID,
saves,xgi,MID,
saves,yellow_cards,MID,
starts,threat,MID,0.0067
starts,transfers_balance,MID,0.0438
starts,transfers_in,MID,0.0695
starts,transfers_out,MID,0.04
starts,was_home,MID,0.0048
starts,xa,MID,-0.0137
starts,xg,MID,0.0127
starts,xgc,MID,-0.0103
starts,xgi,MID,-0.0068
starts,yellow_cards,MID,0.026
threat,transfers_balance,MID,0.0759
threat,transfers_in,MID,0.2777
threat,transfers_out,MID,0.254
threat,was_home,MID,0.0864
threat,xa,MID,0.2741
threat,xg,MID,0.8184
threat,xgc,MID,-0.0965
threat,xgi,MID,0.7038
threat,yellow_cards,MID,-0.0708
transfers_balance,transfers_in,MID,0.3302
transfers_balance,transfers_out,MID,-0.1287
transfers_balance,was_home,MID,0.0454
transfers_balance,xa,MID,0.065
transfers_balance,xg,MID,0.0566
transfers_balance,xgc,MID,-0.0619
transfers_balance,xgi,MID,0.0767
transfers_balance,yellow_cards,MID,0.0372
transfers_in,transfers_out,MID,0.8495
transfers_in,was_home,MID,0.0151
transfers_in,xa,MID,0.2782
transfers_in,xg,MID,0.2425
transfers_in,xgc,MID,-0.0653
transfers_in,xgi,MID,0.3219
transfers_in,yellow_cards,MID,0.0004
transfers_out,was_home,MID,-0.0045
transfers_out,xa,MID,0.2469
transfers_out,xg,MID,0.2265
transfers_out,xgc,MID,-0.0422
transfers_out,xgi,MID,0.2941
transfers_out,yellow_cards,MID,-0.0117
was_home,xa,MID,0.0878
was_home,xg,MID,0.0759
was_home,xgc,MID,-0.1695
was_home,xgi,MID,0.0964
was_home,yellow_cards,MID,-0.0242
xa,xg,MID,0.1784
xa,xgc,MID,-0.0694
xa,xgi,MID,0.6812
xa,yellow_cards,MID,-0.0465
xg,xgc,MID,-0.0808
xg,xgi,MID,0.7602
xg,yellow_cards,MID,-0.0378
xgc,xgi,MID,-0.0808
xgc,yellow_cards,MID,0.0385
xgi,yellow_cards,MID,-0.0548
