signal,position,population_scope,population_robustness,signal_layer,layer_role,feature_candidate_eligible,downstream_status,interpretation_caveat,variable_level,preferred_population,bucketing_scheme,n_records,zero_fraction,active_bin_count,effective_n_per_bin,q1_q5_mean_gap,relationship_geometry,monotonicity_confidence,low_confidence,support_flags,support_type,temporal_stability,rho_pooled,rho_between,rho_within,within_share,panel_class,decomposition_flag,n_players,rho_full,rho_no_haul,rho_drop,haul_pct,n_haul,tail_sensitive,association_class,promotion_class
assists,DEF,primary,untested,performance,creation_event,True,eligible,sparse event caveats apply,player_level,exposure_conditioned,discrete,2347,0.927,2.0,782.3,6.276,monotonic_positive,0.932,False,,,moderate_shift,0.2735,0.3324,0.1984,0.725,state_sensitive,,164,0.2735,0.2617,0.0118,2.05,48,False,continuous_monotonic,review_signal
assists,FWD,primary,untested,performance,creation_event,True,eligible,sparse event caveats apply,player_level,exposure_conditioned,discrete,596,0.889,2.0,198.7,8.749,monotonic_positive,0.999,False,,,moderate_shift,0.3718,0.3572,0.2967,0.798,state_sensitive,,50,0.3718,0.3502,0.0216,5.37,32,False,continuous_monotonic,review_signal
assists,MID,primary,untested,performance,creation_event,True,eligible,sparse event caveats apply,player_level,both,discrete,4140,0.894,3.0,1380.0,8.128,monotonic_positive,1.0,False,,,stable,0.4564,0.7151,0.4273,0.936,state_sensitive,,239,0.4564,0.4411,0.0153,1.64,68,False,continuous_monotonic,core_signal
bonus,DEF,primary,untested,performance,points_component,True,eligible,scoring outcome component; avoid target leakage in modeling,player_level,both,discrete,3060,0.909,3.0,1020.0,8.844,monotonic_positive,1.0,False,,,stable,0.4932,0.8061,0.4681,0.949,state_sensitive,,180,0.4932,0.4524,0.0408,1.57,48,False,continuous_monotonic,core_signal
bonus,FWD,primary,untested,performance,points_component,True,caveated,scoring outcome component; avoid target leakage in modeling,player_level,both,discrete,1124,0.851,3.0,374.7,8.325,monotonic_positive,1.0,False,,,stable,0.6443,0.8716,0.756,,indeterminate,unstable_ratio,62,0.6443,0.5975,0.0468,2.85,32,False,weak_association,review_signal
bonus,GK,primary,untested,performance,points_component,True,eligible,scoring outcome component; avoid target leakage in modeling,player_level,both,discrete,596,0.891,3.0,198.7,7.288,monotonic_positive,1.0,False,,,stable,0.5328,0.6367,0.4936,0.926,state_sensitive,,37,0.5328,0.5147,0.0181,0.84,5,False,continuous_monotonic,core_signal
bonus,MID,primary,untested,performance,points_component,True,caveated,scoring outcome component; avoid target leakage in modeling,player_level,both,discrete,4140,0.896,3.0,1380.0,8.491,monotonic_positive,1.0,False,,,stable,0.5331,0.8847,0.5763,,indeterminate,unstable_ratio,239,0.5331,0.4953,0.0378,1.64,68,False,weak_association,review_signal
bps,DEF,primary,untested,performance,contribution_index,True,caveated,"descriptive contribution index, not causal",player_level,both,quantile,3060,0.028,5.0,612.0,7.395,monotonic_positive,1.0,False,,,stable,0.8541,0.9301,0.8661,,indeterminate,unstable_ratio,180,0.8541,0.8469,0.0072,1.57,48,False,weak_association,review_signal
bps,FWD,primary,untested,performance,contribution_index,True,caveated,"descriptive contribution index, not causal",player_level,both,quantile,1124,0.052,5.0,224.8,7.239,monotonic_positive,0.975,False,,,stable,0.8086,0.974,0.9109,,indeterminate,unstable_ratio,62,0.8086,0.7904,0.0182,2.85,32,False,weak_association,review_signal
bps,GK,primary,untested,performance,contribution_index,True,eligible,"descriptive contribution index, not causal",player_level,both,quantile,596,0.013,5.0,119.2,6.923,monotonic_positive,1.0,False,,,stable,0.9035,0.9183,0.8975,0.993,state_sensitive,,37,0.9035,0.901,0.0025,0.84,5,False,continuous_monotonic,core_signal
bps,MID,primary,untested,performance,contribution_index,True,eligible,"descriptive contribution index, not causal",player_level,both,quantile,4140,0.017,5.0,828.0,6.788,monotonic_positive,1.0,False,,,stable,0.8348,0.9447,0.8161,0.978,state_sensitive,,239,0.8348,0.8262,0.0087,1.64,68,False,continuous_monotonic,core_signal
clean_sheets,DEF,primary,untested,defensive_context,defensive_points_context,False,caveated,team/role dependent scoring context,player_level,both,discrete,3060,0.794,2.0,1530.0,,indeterminate,,False,,,insufficient_data,0.6747,0.869,0.6727,0.997,state_sensitive,,180,0.6747,0.6637,0.011,1.57,48,False,weak_association,review_signal
clean_sheets,FWD,primary,untested,defensive_context,defensive_points_context,False,caveated,team/role dependent scoring context,player_level,both,discrete,1124,0.835,2.0,562.0,,indeterminate,,False,,,insufficient_data,0.2778,0.7342,0.1832,0.659,state_sensitive,,62,0.2778,0.2768,0.001,2.85,32,False,weak_association,review_signal
clean_sheets,GK,primary,untested,defensive_context,defensive_points_context,False,caveated,team/role dependent scoring context,player_level,both,discrete,596,0.755,2.0,298.0,,indeterminate,,False,,,insufficient_data,0.7525,0.9334,0.7856,,indeterminate,unstable_ratio,37,0.7525,0.7459,0.0067,0.84,5,False,weak_association,review_signal
clean_sheets,MID,primary,untested,defensive_context,defensive_points_context,False,caveated,team/role dependent scoring context,player_level,both,discrete,4140,0.818,2.0,2070.0,,indeterminate,,False,,,insufficient_data,0.4173,0.7974,0.3325,0.797,state_sensitive,,239,0.4173,0.4184,-0.0011,1.64,68,False,weak_association,review_signal
creativity,DEF,primary,untested,performance,chance_creation,True,caveated,position-sensitive support required,player_level,both,quantile,3060,0.06,5.0,612.0,,indeterminate,,False,,,insufficient_data,0.1987,0.3554,0.144,0.725,state_sensitive,,180,0.1987,0.1862,0.0125,1.57,48,False,weak_association,review_signal
creativity,FWD,primary,untested,performance,chance_creation,True,caveated,position-sensitive support required,player_level,exposure_conditioned,quantile,596,0.0,5.0,119.2,,indeterminate,,False,,,insufficient_data,0.1827,0.1815,0.1618,0.886,state_sensitive,,50,0.1827,0.1743,0.0084,5.37,32,False,weak_association,review_signal
creativity,GK,primary,untested,performance,chance_creation,True,caveated,position-sensitive support required,player_level,exposure_conditioned,discrete,587,0.944,2.0,195.7,,asymmetric_tail,,False,,,insufficient_data,0.017,0.2489,0.0573,,indeterminate,unstable_ratio,36,0.017,0.0076,0.0094,0.85,5,False,weak_association,review_signal
creativity,MID,primary,untested,performance,chance_creation,True,eligible,position-sensitive support required,player_level,both,quantile,4140,0.039,5.0,828.0,3.081,monotonic_positive,0.999,False,,,stable,0.4667,0.7642,0.284,0.608,state_sensitive,,239,0.4667,0.4593,0.0074,1.64,68,False,continuous_monotonic,core_signal
fdr_avg,DEF,primary,untested,context,fixture_difficulty,False,caveated,match-level schedule context,match_level,both,ordinal,3060,0.0,5.0,612.0,,non_monotonic,,False,,,insufficient_data,-0.1536,-0.2126,-0.1525,0.993,state_sensitive,,180,-0.1536,-0.1468,-0.0067,1.57,48,False,weak_association,context_control
fdr_avg,FWD,primary,untested,context,fixture_difficulty,False,caveated,match-level schedule context,match_level,both,ordinal,1124,0.0,5.0,224.8,,indeterminate,,False,,,insufficient_data,-0.0894,0.0508,-0.0939,,indeterminate,unstable_ratio,62,-0.0894,-0.0716,-0.0178,2.85,32,False,weak_association,context_control
fdr_avg,GK,primary,untested,context,fixture_difficulty,False,caveated,match-level schedule context,match_level,both,ordinal,596,0.0,5.0,119.2,,non_monotonic,,False,,,insufficient_data,-0.1506,-0.2498,-0.1558,,indeterminate,unstable_ratio,37,-0.1506,-0.1419,-0.0087,0.84,5,False,weak_association,context_control
fdr_avg,MID,primary,untested,context,fixture_difficulty,False,caveated,match-level schedule context,match_level,both,ordinal,4140,0.0,5.0,828.0,-1.359,monotonic_negative,0.696,True,,,stable,-0.0809,0.0058,-0.0844,,indeterminate,unstable_ratio,239,-0.0809,-0.0733,-0.0075,1.64,68,False,weak_association,context_control
fdr_max,DEF,primary,untested,context,fixture_difficulty,False,caveated,match-level schedule context,match_level,both,ordinal,3060,0.0,5.0,612.0,,non_monotonic,,False,,,insufficient_data,-0.1396,-0.1992,-0.1437,,indeterminate,unstable_ratio,180,-0.1396,-0.137,-0.0027,1.57,48,False,weak_association,context_control
fdr_max,FWD,primary,untested,context,fixture_difficulty,False,caveated,match-level schedule context,match_level,both,ordinal,1124,0.0,5.0,224.8,,indeterminate,,False,,,insufficient_data,-0.083,0.0221,-0.0885,,indeterminate,unstable_ratio,62,-0.083,-0.0665,-0.0165,2.85,32,False,weak_association,context_control
fdr_max,GK,primary,untested,context,fixture_difficulty,False,caveated,match-level schedule context,match_level,both,ordinal,596,0.0,5.0,119.2,,non_monotonic,,False,,,insufficient_data,-0.1373,-0.2499,-0.1496,,indeterminate,unstable_ratio,37,-0.1373,-0.1293,-0.008,0.84,5,False,weak_association,context_control
fdr_max,MID,primary,untested,context,fixture_difficulty,False,caveated,match-level schedule context,match_level,both,ordinal,4140,0.0,5.0,828.0,-1.359,monotonic_negative,0.736,True,,,stable,-0.0699,0.0114,-0.0738,,indeterminate,unstable_ratio,239,-0.0699,-0.065,-0.005,1.64,68,False,weak_association,context_control
fdr_min,DEF,primary,untested,context,fixture_difficulty,False,caveated,match-level schedule context,match_level,both,ordinal,3060,0.0,5.0,612.0,,non_monotonic,,False,,,insufficient_data,-0.1623,-0.2253,-0.1633,,indeterminate,unstable_ratio,180,-0.1623,-0.154,-0.0083,1.57,48,False,weak_association,context_control
fdr_min,FWD,primary,untested,context,fixture_difficulty,False,caveated,match-level schedule context,match_level,both,ordinal,1124,0.0,5.0,224.8,,indeterminate,,False,,,insufficient_data,-0.0972,0.0543,-0.1045,,indeterminate,unstable_ratio,62,-0.0972,-0.0782,-0.019,2.85,32,False,weak_association,context_control
fdr_min,GK,primary,untested,context,fixture_difficulty,False,caveated,match-level schedule context,match_level,both,ordinal,596,0.0,5.0,119.2,,indeterminate,,False,,,insufficient_data,-0.1624,-0.2522,-0.1689,,indeterminate,unstable_ratio,37,-0.1624,-0.1503,-0.0121,0.84,5,False,weak_association,context_control
fdr_min,MID,primary,untested,context,fixture_difficulty,False,caveated,match-level schedule context,match_level,both,ordinal,4140,0.0,5.0,828.0,-1.49,monotonic_negative,0.842,False,,,stable,-0.0864,0.0011,-0.0915,,indeterminate,unstable_ratio,239,-0.0864,-0.0783,-0.0082,1.64,68,False,weak_association,context_control
fixture_count,DEF,primary,untested,context,schedule_volume,False,caveated,schedule/exposure multiplier,match_level,both,discrete,3060,0.0,2.0,1530.0,,indeterminate,,False,,,insufficient_data,0.0967,0.2082,0.0476,0.493,state_sensitive,,180,0.0967,0.0783,0.0184,1.57,48,False,weak_association,context_control
fixture_count,FWD,primary,untested,context,schedule_volume,False,blocked,schedule/exposure multiplier,match_level,both,discrete,1124,0.0,,,,unassessable,,False,insufficient_support:bin_density,sparse_event_process,insufficient_data,0.061,-0.022,-0.0125,0.206,mixed,,62,0.061,0.0597,0.0013,2.85,32,False,unassessable,
fixture_count,GK,primary,untested,context,schedule_volume,False,blocked,schedule/exposure multiplier,match_level,both,discrete,596,0.0,,,,unassessable,,False,insufficient_support:bin_density,sparse_event_process,insufficient_data,0.1183,0.2101,0.0629,0.532,state_sensitive,,37,0.1183,0.1019,0.0163,0.84,5,False,unassessable,
fixture_count,MID,primary,untested,context,schedule_volume,False,caveated,schedule/exposure multiplier,match_level,both,discrete,4140,0.0,2.0,2070.0,,indeterminate,,False,,,insufficient_data,0.0806,0.1955,0.0734,0.911,state_sensitive,,239,0.0806,0.0682,0.0123,1.64,68,False,weak_association,context_control
goals_conceded,DEF,primary,untested,defensive_context,defensive_outcome_context,False,caveated,"team defensive outcome, not player quality",match_level,both,discrete,3060,0.341,3.0,1020.0,-3.264,monotonic_negative,1.0,False,,,stable,-0.4006,0.1501,-0.4934,,indeterminate,unstable_ratio,180,-0.4006,-0.3921,-0.0085,1.57,48,False,weak_association,review_signal
goals_conceded,FWD,primary,untested,defensive_context,defensive_outcome_context,False,caveated,"team defensive outcome, not player quality",match_level,both,discrete,1124,0.448,3.0,374.7,1.174,monotonic_positive,0.973,False,,,stable,0.2377,0.574,0.1023,0.431,state_sensitive,,62,0.2377,0.2322,0.0055,2.85,32,False,continuous_monotonic,review_signal
goals_conceded,GK,primary,untested,defensive_context,defensive_outcome_context,False,caveated,"team defensive outcome, not player quality",match_level,both,discrete,596,0.248,3.0,198.7,-5.512,monotonic_negative,1.0,False,,,stable,-0.7569,-0.5351,-0.7387,0.976,state_sensitive,,37,-0.7569,-0.7575,0.0006,0.84,5,False,continuous_monotonic,review_signal
goals_conceded,MID,primary,untested,defensive_context,defensive_outcome_context,False,caveated,"team defensive outcome, not player quality",match_level,both,discrete,4140,0.422,3.0,1380.0,0.624,monotonic_positive,0.956,False,,,moderate_shift,0.1488,0.6488,0.0205,0.138,identity_dominant,,239,0.1488,0.149,-0.0002,1.64,68,False,weak_association,review_signal
goals_scored,DEF,primary,untested,performance,scoring_event,True,eligible,sparse event caveats apply,player_level,exposure_conditioned,discrete,2347,0.958,2.0,782.3,14.748,monotonic_positive,1.0,False,,,stable,0.3192,0.5121,0.2604,0.816,state_sensitive,,164,0.3192,0.2471,0.0721,2.05,48,False,continuous_monotonic,core_signal
goals_scored,FWD,primary,untested,performance,scoring_event,True,caveated,sparse event caveats apply,player_level,exposure_conditioned,discrete,596,0.718,3.0,198.7,11.355,monotonic_positive,1.0,False,,,stable,0.8493,0.9137,0.877,,indeterminate,unstable_ratio,50,0.8493,0.8194,0.0299,5.37,32,False,weak_association,review_signal
goals_scored,MID,primary,untested,performance,scoring_event,True,caveated,sparse event caveats apply,player_level,both,discrete,4140,0.905,3.0,1380.0,14.076,monotonic_positive,1.0,False,,,stable,0.5106,0.8246,0.5594,,indeterminate,unstable_ratio,239,0.5106,0.4729,0.0377,1.64,68,False,weak_association,review_signal
ict_index,DEF,primary,untested,performance,composite_contribution,True,eligible,descriptive composite index,player_level,both,quantile,3060,0.037,5.0,612.0,4.49,monotonic_positive,0.982,False,,,stable,0.4945,0.7919,0.4221,0.854,state_sensitive,,180,0.4945,0.4714,0.0231,1.57,48,False,continuous_monotonic,core_signal
ict_index,FWD,primary,untested,performance,composite_contribution,True,eligible,descriptive composite index,player_level,both,quantile,1124,0.069,5.0,224.8,6.51,monotonic_positive,1.0,False,,,stable,0.7774,0.9378,0.7674,0.987,state_sensitive,,62,0.7774,0.7564,0.021,2.85,32,False,continuous_monotonic,core_signal
ict_index,GK,primary,untested,performance,composite_contribution,True,caveated,descriptive composite index,player_level,both,quantile,596,0.003,5.0,119.2,,indeterminate,,False,,,insufficient_data,0.3464,0.2011,0.3197,0.923,state_sensitive,,37,0.3464,0.331,0.0155,0.84,5,False,weak_association,review_signal
ict_index,MID,primary,untested,performance,composite_contribution,True,eligible,descriptive composite index,player_level,both,quantile,4140,0.04,5.0,828.0,5.502,monotonic_positive,1.0,False,,,stable,0.6875,0.9096,0.624,0.908,state_sensitive,,239,0.6875,0.6719,0.0156,1.64,68,False,continuous_monotonic,core_signal
influence,DEF,primary,untested,performance,contribution_component,True,eligible,descriptive component,player_level,both,quantile,3060,0.04,5.0,612.0,5.017,monotonic_positive,1.0,False,,,stable,0.571,0.8005,0.5103,0.894,state_sensitive,,180,0.571,0.5502,0.0208,1.57,48,False,continuous_monotonic,core_signal
influence,FWD,primary,untested,performance,contribution_component,True,blocked,descriptive component,player_level,both,quantile,1124,0.248,,,,indeterminate,,False,degenerate,near_constant_position,insufficient_data,0.7361,0.9692,0.8758,,indeterminate,unstable_ratio,62,0.7361,0.7108,0.0253,2.85,32,False,weak_association,
influence,GK,primary,untested,performance,contribution_component,True,caveated,descriptive component,player_level,both,quantile,596,0.002,5.0,119.2,,indeterminate,,False,,,insufficient_data,0.3546,0.2009,0.3264,0.921,state_sensitive,,37,0.3546,0.3394,0.0151,0.84,5,False,weak_association,review_signal
influence,MID,primary,untested,performance,contribution_component,True,caveated,descriptive component,player_level,both,quantile,4140,0.094,5.0,828.0,6.219,monotonic_positive,1.0,False,,,stable,0.7506,0.9595,0.7705,,indeterminate,unstable_ratio,239,0.7506,0.7375,0.0131,1.64,68,False,weak_association,review_signal
minutes,DEF,primary,untested,exposure,outcome_access,False,blocked,"eligibility/access signal, not quality",player_level,active_population,quantile,3060,0.0,,,,indeterminate,,False,degenerate,near_constant_position,insufficient_data,0.4455,0.7375,0.3286,0.738,state_sensitive,,180,0.4455,0.4421,0.0034,1.57,48,False,weak_association,
minutes,FWD,primary,untested,exposure,outcome_access,False,caveated,"eligibility/access signal, not quality",player_level,active_population,quantile,1124,0.0,4.0,224.8,4.974,monotonic_positive,0.877,False,,,insufficient_data,0.6285,0.8336,0.3294,0.524,state_sensitive,,62,0.6285,0.6171,0.0114,2.85,32,False,continuous_monotonic,exposure_control
minutes,GK,primary,untested,exposure,outcome_access,False,blocked,"eligibility/access signal, not quality",player_level,active_population,quantile,596,0.0,,,,indeterminate,,False,degenerate,near_constant_position,insufficient_data,0.1972,0.3518,0.1027,0.521,state_sensitive,,37,0.1972,0.1877,0.0095,0.84,5,False,weak_association,
minutes,MID,primary,untested,exposure,outcome_access,False,caveated,"eligibility/access signal, not quality",player_level,active_population,quantile,4140,0.0,5.0,828.0,6.085,monotonic_positive,1.0,False,,,insufficient_data,0.6479,0.8879,0.4496,0.694,state_sensitive,,239,0.6479,0.6445,0.0034,1.64,68,False,continuous_monotonic,exposure_control
ownership_count,DEF,primary,untested,market_behavior,popularity_proxy,False,caveated,"popularity/demand, not quality",player_level,active_population,quantile,3060,0.0,5.0,612.0,1.569,monotonic_positive,0.925,False,,,stable,0.1893,0.6108,-0.0642,0.339,mixed,,180,0.1893,0.1759,0.0133,1.57,48,False,continuous_monotonic,market_context
ownership_count,FWD,primary,untested,market_behavior,popularity_proxy,False,caveated,"popularity/demand, not quality",player_level,active_population,quantile,1124,0.001,5.0,224.8,,indeterminate,,False,,,insufficient_data,0.3111,0.6186,-0.025,0.08,identity_dominant,,62,0.3111,0.2775,0.0336,2.85,32,False,weak_association,market_context
ownership_count,GK,primary,untested,market_behavior,popularity_proxy,False,caveated,"popularity/demand, not quality",player_level,active_population,quantile,596,0.0,5.0,119.2,,non_monotonic,,False,,,insufficient_data,0.0736,0.3452,-0.0534,0.726,state_sensitive,,37,0.0736,0.0762,-0.0025,0.84,5,False,weak_association,market_context
ownership_count,MID,primary,untested,market_behavior,popularity_proxy,False,caveated,"popularity/demand, not quality",player_level,active_population,quantile,4140,0.001,5.0,828.0,1.999,monotonic_positive,0.945,False,,,stable,0.2714,0.7158,-0.0145,0.053,identity_dominant,,239,0.2714,0.2584,0.0131,1.64,68,False,weak_association,market_context
purchase_price,DEF,primary,untested,valuation,market_pricing,False,caveated,"price embeds historical, role, and market effects",player_level,active_population,quantile,3060,0.0,5.0,612.0,1.197,monotonic_positive,0.66,True,,,stable,0.1439,0.4586,-0.1103,0.766,state_sensitive,,180,0.1439,0.1367,0.0072,1.57,48,False,weak_association,review_signal
purchase_price,FWD,primary,untested,valuation,market_pricing,False,caveated,"price embeds historical, role, and market effects",player_level,active_population,quantile,1124,0.0,5.0,224.8,,indeterminate,,False,,,insufficient_data,0.2646,0.6038,-0.0667,0.252,mixed,,62,0.2646,0.2341,0.0305,2.85,32,False,weak_association,review_signal
purchase_price,GK,primary,untested,valuation,market_pricing,False,caveated,"price embeds historical, role, and market effects",player_level,active_population,quantile,596,0.0,5.0,119.2,,non_monotonic,,False,,,insufficient_data,0.0782,0.3248,-0.0634,0.811,state_sensitive,,37,0.0782,0.0837,-0.0056,0.84,5,False,weak_association,review_signal
purchase_price,MID,primary,untested,valuation,market_pricing,False,caveated,"price embeds historical, role, and market effects",player_level,active_population,quantile,4140,0.0,5.0,828.0,,threshold_positive,,False,,,insufficient_data,0.188,0.5709,-0.0618,0.329,mixed,,239,0.188,0.1757,0.0124,1.64,68,False,upper_tail_concentrated,review_signal
saves,GK,primary,untested,defensive_context,goalkeeper_action,True,caveated,GK-specific; not comparable across positions,player_level,both,quantile,596,0.076,5.0,119.2,,indeterminate,,False,,,insufficient_data,0.319,0.251,0.2761,0.866,state_sensitive,,37,0.319,0.3146,0.0044,0.84,5,False,weak_association,review_signal
starts,DEF,primary,untested,exposure,selection_access,False,caveated,"selection proxy, not quality",player_level,active_population,discrete,3060,0.192,3.0,1020.0,6.968,monotonic_positive,1.0,False,,,moderate_shift,0.399,0.6721,0.2592,0.65,state_sensitive,,180,0.399,0.3919,0.0071,1.57,48,False,continuous_monotonic,exposure_control
starts,FWD,primary,untested,exposure,selection_access,False,caveated,"selection proxy, not quality",player_level,active_population,discrete,1124,0.42,2.0,374.7,5.125,monotonic_positive,0.997,False,,,moderate_shift,0.6072,0.8325,0.2829,0.466,state_sensitive,,62,0.6072,0.5969,0.0103,2.85,32,False,continuous_monotonic,exposure_control
starts,GK,primary,untested,exposure,selection_access,False,blocked,"selection proxy, not quality",player_level,active_population,discrete,596,0.01,,,,unassessable,,False,insufficient_support:bin_density,structural_binary,insufficient_data,0.1689,0.3906,0.0828,0.49,state_sensitive,,37,0.1689,0.1576,0.0114,0.84,5,False,unassessable,
starts,MID,primary,untested,exposure,selection_access,False,caveated,"selection proxy, not quality",player_level,active_population,discrete,4140,0.326,3.0,1380.0,6.267,monotonic_positive,1.0,False,,,moderate_shift,0.6052,0.8341,0.3653,0.604,state_sensitive,,239,0.6052,0.6016,0.0036,1.64,68,False,continuous_monotonic,exposure_control
threat,DEF,primary,untested,performance,attacking_threat,True,blocked,position-sensitive support required,player_level,both,quantile,3060,0.379,,,,indeterminate,,False,degenerate,near_constant_position,insufficient_data,0.2751,0.6439,0.2494,0.906,state_sensitive,,180,0.2751,0.248,0.0271,1.57,48,False,weak_association,
threat,FWD,primary,untested,performance,attacking_threat,True,caveated,position-sensitive support required,player_level,exposure_conditioned,quantile,596,0.029,5.0,119.2,5.027,monotonic_positive,0.963,False,,,stable,0.5146,0.6097,0.5356,,indeterminate,unstable_ratio,50,0.5146,0.444,0.0706,5.37,32,False,weak_association,review_signal
threat,MID,primary,untested,performance,attacking_threat,True,blocked,position-sensitive support required,player_level,both,quantile,4140,0.264,,,,indeterminate,,False,degenerate,near_constant_position,insufficient_data,0.4543,0.7174,0.4244,0.934,state_sensitive,,239,0.4543,0.4313,0.0231,1.64,68,False,weak_association,
transfers_balance,DEF,primary,untested,market_behavior,net_demand,False,caveated,behavioral demand signal,player_level,active_population,quantile,3060,0.001,5.0,612.0,,non_monotonic,,False,,,insufficient_data,0.1135,0.6547,0.0824,0.726,state_sensitive,,180,0.1135,0.111,0.0025,1.57,48,False,weak_association,market_context
transfers_balance,FWD,primary,untested,market_behavior,net_demand,False,caveated,behavioral demand signal,player_level,active_population,quantile,1124,0.001,5.0,224.8,,non_monotonic,,False,,,insufficient_data,0.0983,0.5845,0.1238,,indeterminate,unstable_ratio,62,0.0983,0.091,0.0073,2.85,32,False,weak_association,market_context
transfers_balance,GK,primary,untested,market_behavior,net_demand,False,caveated,behavioral demand signal,player_level,active_population,quantile,596,0.0,5.0,119.2,,threshold_positive,,False,,,insufficient_data,0.0828,0.4371,0.0872,,indeterminate,unstable_ratio,37,0.0828,0.0746,0.0082,0.84,5,False,upper_tail_concentrated,market_context
transfers_balance,MID,primary,untested,market_behavior,net_demand,False,caveated,behavioral demand signal,player_level,active_population,quantile,4140,0.002,5.0,828.0,,non_monotonic,,False,,,insufficient_data,0.1224,0.6093,0.1253,,indeterminate,unstable_ratio,239,0.1224,0.1146,0.0078,1.64,68,False,weak_association,market_context
transfers_in,DEF,primary,untested,market_behavior,demand_inflow,False,caveated,behavioral demand signal,player_level,active_population,quantile,3060,0.001,5.0,612.0,1.881,monotonic_positive,0.892,False,,,stable,0.2416,0.767,0.0509,0.211,mixed,,180,0.2416,0.227,0.0145,1.57,48,False,continuous_monotonic,market_context
transfers_in,FWD,primary,untested,market_behavior,demand_inflow,False,caveated,behavioral demand signal,player_level,active_population,quantile,1124,0.001,5.0,224.8,2.329,monotonic_positive,0.883,False,,,stable,0.3674,0.7802,0.1282,0.349,mixed,,62,0.3674,0.3426,0.0248,2.85,32,False,continuous_monotonic,market_context
transfers_in,GK,primary,untested,market_behavior,demand_inflow,False,caveated,behavioral demand signal,player_level,active_population,quantile,596,0.0,5.0,119.2,,saturation,,False,,,insufficient_data,0.1291,0.5124,0.0575,0.445,state_sensitive,,37,0.1291,0.1271,0.002,0.84,5,False,upper_tail_concentrated,market_context
transfers_in,MID,primary,untested,market_behavior,demand_inflow,False,caveated,behavioral demand signal,player_level,active_population,quantile,4140,0.001,5.0,828.0,2.445,monotonic_positive,0.99,False,,,stable,0.3472,0.8423,0.1105,0.318,mixed,,239,0.3472,0.3368,0.0104,1.64,68,False,continuous_monotonic,market_context
transfers_out,DEF,primary,untested,market_behavior,demand_outflow,False,caveated,behavioral demand signal,player_level,active_population,quantile,3060,0.0,5.0,612.0,,indeterminate,,False,,,insufficient_data,0.1677,0.6518,-0.0387,0.231,mixed,,180,0.1677,0.1534,0.0143,1.57,48,False,weak_association,market_context
transfers_out,FWD,primary,untested,market_behavior,demand_outflow,False,caveated,behavioral demand signal,player_level,active_population,quantile,1124,0.001,5.0,224.8,1.751,monotonic_positive,0.644,True,,,stable,0.2823,0.676,-0.029,0.103,identity_dominant,,62,0.2823,0.2631,0.0192,2.85,32,False,weak_association,market_context
transfers_out,GK,primary,untested,market_behavior,demand_outflow,False,caveated,behavioral demand signal,player_level,active_population,quantile,596,0.0,5.0,119.2,,non_monotonic,,False,,,insufficient_data,0.033,0.4103,-0.0736,,indeterminate,unstable_ratio,37,0.033,0.0406,-0.0076,0.84,5,False,weak_association,market_context
transfers_out,MID,primary,untested,market_behavior,demand_outflow,False,caveated,behavioral demand signal,player_level,active_population,quantile,4140,0.001,5.0,828.0,1.757,monotonic_positive,0.977,False,,,stable,0.2701,0.7644,-0.0064,0.024,identity_dominant,,239,0.2701,0.2595,0.0106,1.64,68,False,weak_association,market_context
was_home,DEF,primary,untested,context,match_environment,False,caveated,"match-level context, not player intrinsic",match_level,both,discrete,3015,0.502,2.0,1507.5,,indeterminate,,False,,,insufficient_data,0.0857,0.0465,0.0753,0.879,state_sensitive,,180,0.0857,0.0857,-0.0,1.39,42,False,weak_association,context_control
was_home,FWD,primary,untested,context,match_environment,False,caveated,"match-level context, not player intrinsic",match_level,both,discrete,1105,0.49,2.0,552.5,,indeterminate,,False,,,insufficient_data,0.0114,0.0516,0.039,,indeterminate,unstable_ratio,62,0.0114,-0.0025,0.0139,2.81,31,False,weak_association,context_control
was_home,GK,primary,untested,context,match_environment,False,caveated,"match-level context, not player intrinsic",match_level,both,discrete,588,0.5,2.0,294.0,,indeterminate,,False,,,insufficient_data,0.0673,0.2414,0.0684,,indeterminate,unstable_ratio,37,0.0673,0.0621,0.0052,0.68,4,False,weak_association,context_control
was_home,MID,primary,untested,context,match_environment,False,caveated,"match-level context, not player intrinsic",match_level,both,discrete,4076,0.498,2.0,2038.0,,indeterminate,,False,,,insufficient_data,0.0355,-0.044,0.0474,,indeterminate,unstable_ratio,239,0.0355,0.0358,-0.0004,1.52,62,False,weak_association,context_control
xa,DEF,primary,untested,performance,chance_creation_quality,True,blocked,position-sensitive support required,player_level,both,quantile,3060,0.303,,,,indeterminate,,False,degenerate,near_constant_position,insufficient_data,0.2146,0.4469,0.1479,0.689,state_sensitive,,180,0.2146,0.2024,0.0122,1.57,48,False,weak_association,
xa,FWD,primary,untested,performance,chance_creation_quality,True,blocked,position-sensitive support required,player_level,exposure_conditioned,quantile,596,0.216,,,,indeterminate,,False,degenerate,near_constant_position,insufficient_data,0.1854,0.2856,0.1506,0.813,state_sensitive,,50,0.1854,0.1657,0.0196,5.37,32,False,weak_association,
xa,GK,primary,untested,performance,chance_creation_quality,True,caveated,position-sensitive support required,player_level,both,discrete,596,0.891,2.0,298.0,,indeterminate,,False,,,insufficient_data,-0.037,0.408,0.0223,0.604,state_sensitive,,37,-0.037,-0.0323,-0.0048,0.84,5,False,weak_association,review_signal
xa,MID,primary,untested,performance,chance_creation_quality,True,caveated,position-sensitive support required,player_level,both,quantile,4140,0.19,5.0,828.0,2.512,monotonic_positive,0.761,True,,,stable,0.4257,0.746,0.2604,0.612,state_sensitive,,239,0.4257,0.4178,0.0079,1.64,68,False,weak_association,review_signal
xg,DEF,primary,untested,performance,chance_quality,True,eligible,position-sensitive support required,player_level,both,two_stage,3060,0.643,4.0,765.0,,non_monotonic,,False,,,insufficient_data,0.2491,0.591,0.2348,0.943,state_sensitive,,180,0.2491,0.2191,0.03,1.57,48,False,weak_association,review_signal
xg,FWD,primary,untested,performance,chance_quality,True,caveated,position-sensitive support required,player_level,exposure_conditioned,quantile,596,0.143,5.0,119.2,5.106,monotonic_positive,0.924,False,,,stable,0.4772,0.5451,0.4906,,indeterminate,unstable_ratio,50,0.4772,0.405,0.0722,5.37,32,False,weak_association,review_signal
xg,MID,primary,untested,performance,chance_quality,True,blocked,position-sensitive support required,player_level,both,quantile,4140,0.435,,,,indeterminate,,False,degenerate,near_constant_position,insufficient_data,0.4081,0.7407,0.3613,0.885,state_sensitive,,239,0.4081,0.3846,0.0235,1.64,68,False,weak_association,
xgc,DEF,primary,untested,defensive_context,defensive_environment,False,caveated,"team/fixture defensive context, not attacking performance",player_level,both,quantile,3060,0.036,5.0,612.0,,non_monotonic,,False,,,insufficient_data,0.0502,0.4199,-0.0428,0.853,state_sensitive,,180,0.0502,0.0494,0.0008,1.57,48,False,weak_association,review_signal
xgc,FWD,primary,untested,defensive_context,defensive_environment,False,caveated,"team/fixture defensive context, not attacking performance",player_level,both,quantile,1124,0.049,5.0,224.8,,indeterminate,,False,,,insufficient_data,0.3801,0.6846,0.1421,0.374,mixed,,62,0.3801,0.3832,-0.0032,2.85,32,False,weak_association,review_signal
xgc,GK,primary,untested,defensive_context,defensive_environment,False,caveated,"team/fixture defensive context, not attacking performance",player_level,both,quantile,596,0.003,5.0,119.2,,non_monotonic,,False,,,insufficient_data,-0.2099,-0.2406,-0.1875,0.893,state_sensitive,,37,-0.2099,-0.2234,0.0135,0.84,5,False,weak_association,review_signal
xgc,MID,primary,untested,defensive_context,defensive_environment,False,caveated,"team/fixture defensive context, not attacking performance",player_level,both,quantile,4140,0.046,5.0,828.0,2.078,monotonic_positive,0.647,True,,,stable,0.3679,0.7107,0.1951,0.53,state_sensitive,,239,0.3679,0.3716,-0.0037,1.64,68,False,weak_association,review_signal
xgi,DEF,primary,untested,performance,attacking_chance_quality,True,blocked,position-sensitive support required,player_level,both,quantile,3060,0.238,,,,indeterminate,,False,degenerate,near_constant_position,insufficient_data,0.3137,0.5962,0.2592,0.826,state_sensitive,,180,0.3137,0.2881,0.0256,1.57,48,False,weak_association,
xgi,FWD,primary,untested,performance,attacking_chance_quality,True,caveated,position-sensitive support required,player_level,exposure_conditioned,quantile,596,0.039,5.0,119.2,5.12,monotonic_positive,0.927,False,,,stable,0.4978,0.5882,0.5025,,indeterminate,unstable_ratio,50,0.4978,0.4269,0.0709,5.37,32,False,weak_association,review_signal
xgi,GK,primary,untested,performance,attacking_chance_quality,True,caveated,position-sensitive support required,player_level,both,discrete,596,0.889,2.0,298.0,,indeterminate,,False,,,insufficient_data,-0.0388,0.3702,0.0011,0.028,identity_dominant,,37,-0.0388,-0.034,-0.0048,0.84,5,False,weak_association,review_signal
xgi,MID,primary,untested,performance,attacking_chance_quality,True,eligible,position-sensitive support required,player_level,both,quantile,4140,0.141,5.0,828.0,3.899,monotonic_positive,1.0,False,,,stable,0.5095,0.819,0.4066,0.798,state_sensitive,,239,0.5095,0.4911,0.0184,1.64,68,False,continuous_monotonic,core_signal
yellow_cards,DEF,primary,untested,discipline,negative_event,True,caveated,sparse/low-frequency caveats apply,player_level,both,discrete,3060,0.85,2.0,1530.0,,indeterminate,,False,,,insufficient_data,-0.1784,0.2762,-0.1183,0.663,state_sensitive,,180,-0.1784,-0.1766,-0.0018,1.57,48,False,weak_association,review_signal
yellow_cards,FWD,primary,untested,discipline,negative_event,True,caveated,sparse/low-frequency caveats apply,player_level,both,discrete,1124,0.911,2.0,562.0,,indeterminate,,False,,,insufficient_data,-0.0126,0.3612,0.0628,,indeterminate,unstable_ratio,62,-0.0126,-0.0145,0.0019,2.85,32,False,weak_association,review_signal
yellow_cards,GK,primary,untested,discipline,negative_event,True,caveated,sparse/low-frequency caveats apply,player_level,both,discrete,596,0.93,2.0,298.0,,indeterminate,,False,,,insufficient_data,-0.1558,0.0164,-0.0754,0.484,state_sensitive,,37,-0.1558,-0.1537,-0.002,0.84,5,False,weak_association,review_signal
yellow_cards,MID,primary,untested,discipline,negative_event,True,caveated,sparse/low-frequency caveats apply,player_level,both,discrete,4140,0.872,2.0,1380.0,-2.067,monotonic_negative,0.617,True,,,moderate_shift,-0.1297,0.4009,-0.1077,0.83,state_sensitive,,239,-0.1297,-0.1232,-0.0065,1.64,68,False,weak_association,review_signal
